Lot,Wafer,diex,diey,measurement,LotWaferID (2),group (of 4),group (of 9),group (of 16),group (of 25),group (of 36),group (of 49),group (of 64),group (of 81),group (of 100),group (of 121),group (of 144),Pattern,LotWaferID
1,wafer-01,5,14,2.42E-08,1-wafer-01,1,4,11,16,26,23,56,32,62,96,127,Untagged,1-wafer-01
1,wafer-01,5,15,1.84E-07,1-wafer-01,1,4,11,16,26,23,56,32,62,96,127,Untagged,1-wafer-01
1,wafer-01,5,16,3.75E-07,1-wafer-01,1,4,11,16,26,23,56,32,62,96,127,Untagged,1-wafer-01
1,wafer-01,5,17,1.47E-07,1-wafer-01,1,4,11,16,26,23,56,32,62,96,127,Untagged,1-wafer-01
1,wafer-01,5,18,-1.91E-07,1-wafer-01,1,4,11,16,26,23,56,32,62,96,127,Untagged,1-wafer-01
1,wafer-01,6,12,-9.22E-08,1-wafer-01,1,4,11,16,26,23,56,32,62,96,127,Untagged,1-wafer-01
1,wafer-01,6,13,1.93E-08,1-wafer-01,1,4,11,16,26,23,56,32,62,96,127,Untagged,1-wafer-01
1,wafer-01,6,14,-1.04E-07,1-wafer-01,1,4,11,16,26,23,56,32,62,96,127,Untagged,1-wafer-01
1,wafer-01,6,15,-1.93E-07,1-wafer-01,1,4,11,16,26,23,56,32,62,96,127,Untagged,1-wafer-01
1,wafer-01,6,16,1.61E-07,1-wafer-01,1,4,11,16,26,23,56,32,62,96,127,Untagged,1-wafer-01
1,wafer-01,6,17,1.32E-07,1-wafer-01,1,4,11,16,26,23,56,32,62,96,127,Untagged,1-wafer-01
1,wafer-01,6,18,-1.56E-09,1-wafer-01,1,4,11,16,26,23,56,32,62,96,127,Untagged,1-wafer-01
1,wafer-01,6,19,-9.02E-09,1-wafer-01,1,4,11,16,26,23,56,32,62,96,127,Untagged,1-wafer-01
1,wafer-01,6,20,2.43E-07,1-wafer-01,1,4,11,16,26,23,56,32,62,96,127,Untagged,1-wafer-01
1,wafer-01,7,11,2.37E-07,1-wafer-01,1,4,11,16,26,23,56,32,62,96,127,Untagged,1-wafer-01
1,wafer-01,7,12,2.74E-07,1-wafer-01,1,4,11,16,26,23,56,32,62,96,127,Untagged,1-wafer-01
1,wafer-01,7,13,3.43E-07,1-wafer-01,1,4,11,16,26,23,56,32,62,96,127,Untagged,1-wafer-01
1,wafer-01,7,14,-6.51E-08,1-wafer-01,1,4,11,16,26,23,56,32,62,96,127,Untagged,1-wafer-01
1,wafer-01,7,15,-1.90E-07,1-wafer-01,1,4,11,16,26,23,56,32,62,96,127,Untagged,1-wafer-01
1,wafer-01,7,16,-1.78E-07,1-wafer-01,1,4,11,16,26,23,56,32,62,96,127,Untagged,1-wafer-01
1,wafer-01,7,17,-7.84E-08,1-wafer-01,1,4,11,16,26,23,56,32,62,96,127,Untagged,1-wafer-01
1,wafer-01,7,18,-1.83E-07,1-wafer-01,1,4,11,16,26,23,56,32,62,96,127,Untagged,1-wafer-01
1,wafer-01,7,19,-3.08E-07,1-wafer-01,1,4,11,16,26,23,56,32,62,96,127,Untagged,1-wafer-01
1,wafer-01,7,20,-2.84E-07,1-wafer-01,1,4,11,16,26,23,56,32,62,96,127,Untagged,1-wafer-01
1,wafer-01,7,21,-4.56E-08,1-wafer-01,1,4,11,16,26,23,56,32,62,96,127,Untagged,1-wafer-01
1,wafer-01,8,10,4.75E-08,1-wafer-01,1,4,11,16,26,23,56,32,62,96,127,Untagged,1-wafer-01
1,wafer-01,8,11,-7.55E-08,1-wafer-01,1,4,11,16,26,23,56,32,62,96,127,Untagged,1-wafer-01
1,wafer-01,8,12,3.17E-08,1-wafer-01,1,4,11,16,26,23,56,32,62,96,127,Untagged,1-wafer-01
1,wafer-01,8,13,-2.21E-07,1-wafer-01,1,4,11,16,26,23,56,32,62,96,127,Untagged,1-wafer-01
1,wafer-01,8,14,-3.87E-07,1-wafer-01,1,4,11,16,26,23,56,32,62,96,127,Untagged,1-wafer-01
1,wafer-01,8,15,-3.81E-07,1-wafer-01,1,4,11,16,26,23,56,32,62,96,127,Untagged,1-wafer-01
1,wafer-01,8,16,-3.25E-07,1-wafer-01,1,4,11,16,26,23,56,32,62,96,127,Untagged,1-wafer-01
1,wafer-01,8,17,-3.02E-07,1-wafer-01,1,4,11,16,26,23,56,32,62,96,127,Untagged,1-wafer-01
1,wafer-01,8,18,-2.11E-07,1-wafer-01,1,4,11,16,26,23,56,32,62,96,127,Untagged,1-wafer-01
1,wafer-01,8,19,-1.18E-07,1-wafer-01,1,4,11,16,26,23,56,32,62,96,127,Untagged,1-wafer-01
1,wafer-01,8,20,-1.80E-07,1-wafer-01,1,4,11,16,26,23,56,32,62,96,127,Untagged,1-wafer-01
1,wafer-01,8,21,-1.96E-07,1-wafer-01,1,4,11,16,26,23,56,32,62,96,127,Untagged,1-wafer-01
1,wafer-01,8,22,-2.86E-07,1-wafer-01,1,4,11,16,26,23,56,32,62,96,127,Untagged,1-wafer-01
1,wafer-01,9,10,3.05E-08,1-wafer-01,1,4,11,16,26,23,56,32,62,96,127,Untagged,1-wafer-01
1,wafer-01,9,11,-2.65E-07,1-wafer-01,1,4,11,16,26,23,56,32,62,96,127,Untagged,1-wafer-01
1,wafer-01,9,12,-1.94E-07,1-wafer-01,1,4,11,16,26,23,56,32,62,96,127,Untagged,1-wafer-01
1,wafer-01,9,13,-3.17E-07,1-wafer-01,1,4,11,16,26,23,56,32,62,96,127,Untagged,1-wafer-01
1,wafer-01,9,14,-1.38E-07,1-wafer-01,1,4,11,16,26,23,56,32,62,96,127,Untagged,1-wafer-01
1,wafer-01,9,15,-8.11E-08,1-wafer-01,1,4,11,16,26,23,56,32,62,96,127,Untagged,1-wafer-01
1,wafer-01,9,16,-8.69E-08,1-wafer-01,1,4,11,16,26,23,56,32,62,96,127,Untagged,1-wafer-01
1,wafer-01,9,17,-1.80E-08,1-wafer-01,1,4,11,16,26,23,56,32,62,96,127,Untagged,1-wafer-01
1,wafer-01,9,18,-6.29E-08,1-wafer-01,1,4,11,16,26,23,56,32,62,96,127,Untagged,1-wafer-01
1,wafer-01,9,19,4.21E-08,1-wafer-01,1,4,11,16,26,23,56,32,62,96,127,Untagged,1-wafer-01
1,wafer-01,9,20,-2.15E-07,1-wafer-01,1,4,11,16,26,23,56,32,62,96,127,Untagged,1-wafer-01
1,wafer-01,9,21,-2.76E-07,1-wafer-01,1,4,11,16,26,23,56,32,62,96,127,Untagged,1-wafer-01
1,wafer-01,9,22,-2.33E-07,1-wafer-01,1,4,11,16,26,23,56,32,62,96,127,Untagged,1-wafer-01
1,wafer-01,10,9,2.23E-07,1-wafer-01,1,4,11,16,26,23,56,32,62,96,127,Untagged,1-wafer-01
1,wafer-01,10,10,2.43E-07,1-wafer-01,1,4,11,16,26,23,56,32,62,96,127,Untagged,1-wafer-01
1,wafer-01,10,11,1.64E-07,1-wafer-01,1,4,11,16,26,23,56,32,62,96,127,Untagged,1-wafer-01
1,wafer-01,10,12,6.82E-08,1-wafer-01,1,4,11,16,26,23,56,32,62,96,127,Untagged,1-wafer-01
1,wafer-01,10,13,2.44E-07,1-wafer-01,1,4,11,16,26,23,56,32,62,96,127,Untagged,1-wafer-01
1,wafer-01,10,14,2.95E-07,1-wafer-01,1,4,11,16,26,23,56,32,62,96,127,Untagged,1-wafer-01
1,wafer-01,10,15,1.20E-07,1-wafer-01,1,4,11,16,26,23,56,32,62,96,127,Untagged,1-wafer-01
1,wafer-01,10,16,1.41E-07,1-wafer-01,1,4,11,16,26,23,56,32,62,96,127,Untagged,1-wafer-01
1,wafer-01,10,17,2.01E-07,1-wafer-01,1,4,11,16,26,23,56,32,62,96,127,Untagged,1-wafer-01
1,wafer-01,10,18,1.46E-07,1-wafer-01,1,4,11,16,26,23,56,32,62,96,127,Untagged,1-wafer-01
1,wafer-01,10,19,3.43E-07,1-wafer-01,1,4,11,16,26,23,56,32,62,96,127,Untagged,1-wafer-01
1,wafer-01,10,20,-3.94E-08,1-wafer-01,1,4,11,16,26,23,56,32,62,96,127,Untagged,1-wafer-01
1,wafer-01,10,21,-5.74E-08,1-wafer-01,1,4,11,16,26,23,56,32,62,96,127,Untagged,1-wafer-01
1,wafer-01,10,22,9.19E-08,1-wafer-01,1,4,11,16,26,23,56,32,62,96,127,Untagged,1-wafer-01
1,wafer-01,10,23,-2.81E-08,1-wafer-01,1,4,11,16,26,23,56,32,62,96,127,Untagged,1-wafer-01
1,wafer-01,11,8,-1.39E-07,1-wafer-01,1,4,11,16,26,23,56,32,62,96,127,Untagged,1-wafer-01
1,wafer-01,11,9,-2.82E-07,1-wafer-01,1,4,11,16,26,23,56,32,62,96,127,Untagged,1-wafer-01
1,wafer-01,11,10,-2.59E-07,1-wafer-01,1,4,11,16,26,23,56,32,62,96,127,Untagged,1-wafer-01
1,wafer-01,11,11,2.41E-08,1-wafer-01,1,4,11,16,26,23,56,32,62,96,127,Untagged,1-wafer-01
1,wafer-01,11,12,-3.65E-08,1-wafer-01,1,4,11,16,26,23,56,32,62,96,127,Untagged,1-wafer-01
1,wafer-01,11,13,-2.74E-07,1-wafer-01,1,4,11,16,26,23,56,32,62,96,127,Untagged,1-wafer-01
1,wafer-01,11,14,-1.94E-07,1-wafer-01,1,4,11,16,26,23,56,32,62,96,127,Untagged,1-wafer-01
1,wafer-01,11,15,2.81E-07,1-wafer-01,1,4,11,16,26,23,56,32,62,96,127,Untagged,1-wafer-01
1,wafer-01,11,16,3.78E-07,1-wafer-01,1,4,11,16,26,23,56,32,62,96,127,Untagged,1-wafer-01
1,wafer-01,11,17,4.47E-07,1-wafer-01,1,4,11,16,26,23,56,32,62,96,127,Untagged,1-wafer-01
1,wafer-01,11,18,-3.00E-08,1-wafer-01,1,4,11,16,26,23,56,32,62,96,127,Untagged,1-wafer-01
1,wafer-01,11,19,-7.88E-08,1-wafer-01,1,4,11,16,26,23,56,32,62,96,127,Untagged,1-wafer-01
1,wafer-01,11,20,-2.80E-07,1-wafer-01,1,4,11,16,26,23,56,32,62,96,127,Untagged,1-wafer-01
1,wafer-01,11,21,-2.39E-07,1-wafer-01,1,4,11,16,26,23,56,32,62,96,127,Untagged,1-wafer-01
1,wafer-01,11,22,-5.15E-07,1-wafer-01,1,4,11,16,26,23,56,32,62,96,127,Untagged,1-wafer-01
1,wafer-01,11,23,-3.84E-07,1-wafer-01,1,4,11,16,26,23,56,32,62,96,127,Untagged,1-wafer-01
1,wafer-01,11,24,-1.03E-07,1-wafer-01,1,4,11,16,26,23,56,32,62,96,127,Untagged,1-wafer-01
1,wafer-01,12,8,1.28E-07,1-wafer-01,1,4,11,16,26,23,56,32,62,96,127,Untagged,1-wafer-01
1,wafer-01,12,9,-9.72E-10,1-wafer-01,1,4,11,16,26,23,56,32,62,96,127,Untagged,1-wafer-01
1,wafer-01,12,10,2.13E-08,1-wafer-01,1,4,11,16,26,23,56,32,62,96,127,Untagged,1-wafer-01
1,wafer-01,12,11,-2.39E-09,1-wafer-01,1,4,11,16,26,23,56,32,62,96,127,Untagged,1-wafer-01
1,wafer-01,12,12,1.46E-07,1-wafer-01,1,4,11,16,26,23,56,32,62,96,127,Untagged,1-wafer-01
1,wafer-01,12,13,1.73E-07,1-wafer-01,1,4,11,16,26,23,56,32,62,96,127,Untagged,1-wafer-01
1,wafer-01,12,14,-1.07E-07,1-wafer-01,1,4,11,16,26,23,56,32,62,96,127,Untagged,1-wafer-01
1,wafer-01,12,15,9.18E-08,1-wafer-01,1,4,11,16,26,23,56,32,62,96,127,Untagged,1-wafer-01
1,wafer-01,12,16,2.79E-07,1-wafer-01,1,4,11,16,26,23,56,32,62,96,127,Untagged,1-wafer-01
1,wafer-01,12,17,1.82E-07,1-wafer-01,1,4,11,16,26,23,56,32,62,96,127,Untagged,1-wafer-01
1,wafer-01,12,18,6.95E-08,1-wafer-01,1,4,11,16,26,23,56,32,62,96,127,Untagged,1-wafer-01
1,wafer-01,12,19,-1.18E-08,1-wafer-01,1,4,11,16,26,23,56,32,62,96,127,Untagged,1-wafer-01
1,wafer-01,12,20,4.77E-08,1-wafer-01,1,4,11,16,26,23,56,32,62,96,127,Untagged,1-wafer-01
1,wafer-01,12,21,1.17E-07,1-wafer-01,1,4,11,16,26,23,56,32,62,96,127,Untagged,1-wafer-01
1,wafer-01,12,22,-1.57E-07,1-wafer-01,1,4,11,16,26,23,56,32,62,96,127,Untagged,1-wafer-01
1,wafer-01,12,23,-6.82E-08,1-wafer-01,1,4,11,16,26,23,56,32,62,96,127,Untagged,1-wafer-01
1,wafer-01,12,24,-3.24E-08,1-wafer-01,1,4,11,16,26,23,56,32,62,96,127,Untagged,1-wafer-01
1,wafer-01,13,7,4.88E-07,1-wafer-01,1,4,11,16,26,23,56,32,62,96,127,Untagged,1-wafer-01
1,wafer-01,13,8,2.00E-07,1-wafer-01,1,4,11,16,26,23,56,32,62,96,127,Untagged,1-wafer-01
1,wafer-01,13,9,3.16E-07,1-wafer-01,1,4,11,16,26,23,56,32,62,96,127,Untagged,1-wafer-01
1,wafer-01,13,10,1.98E-07,1-wafer-01,1,4,11,16,26,23,56,32,62,96,127,Untagged,1-wafer-01
1,wafer-01,13,11,-2.06E-08,1-wafer-01,1,4,11,16,26,23,56,32,62,96,127,Untagged,1-wafer-01
1,wafer-01,13,12,-7.13E-09,1-wafer-01,1,4,11,16,26,23,56,32,62,96,127,Untagged,1-wafer-01
1,wafer-01,13,13,1.65E-08,1-wafer-01,1,4,11,16,26,23,56,32,62,96,127,Untagged,1-wafer-01
1,wafer-01,13,14,-2.31E-07,1-wafer-01,1,4,11,16,26,23,56,32,62,96,127,Untagged,1-wafer-01
1,wafer-01,13,15,-1.79E-07,1-wafer-01,1,4,11,16,26,23,56,32,62,96,127,Untagged,1-wafer-01
1,wafer-01,13,16,-4.67E-08,1-wafer-01,1,4,11,16,26,23,56,32,62,96,127,Untagged,1-wafer-01
1,wafer-01,13,17,-2.10E-07,1-wafer-01,1,4,11,16,26,23,56,32,62,96,127,Untagged,1-wafer-01
1,wafer-01,13,18,1.04E-07,1-wafer-01,1,4,11,16,26,23,56,32,62,96,127,Untagged,1-wafer-01
1,wafer-01,13,19,2.72E-07,1-wafer-01,1,4,11,16,26,23,56,32,62,96,127,Untagged,1-wafer-01
1,wafer-01,13,20,2.78E-08,1-wafer-01,1,4,11,16,26,23,56,32,62,96,127,Untagged,1-wafer-01
1,wafer-01,13,21,-4.83E-08,1-wafer-01,1,4,11,16,26,23,56,32,62,96,127,Untagged,1-wafer-01
1,wafer-01,13,22,-3.08E-07,1-wafer-01,1,4,11,16,26,23,56,32,62,96,127,Untagged,1-wafer-01
1,wafer-01,13,23,-2.64E-07,1-wafer-01,1,4,11,16,26,23,56,32,62,96,127,Untagged,1-wafer-01
1,wafer-01,13,24,-5.52E-07,1-wafer-01,1,4,11,16,26,23,56,32,62,96,127,Untagged,1-wafer-01
1,wafer-01,13,25,-3.42E-07,1-wafer-01,1,4,11,16,26,23,56,32,62,96,127,Untagged,1-wafer-01
1,wafer-01,14,7,1.12E-07,1-wafer-01,1,4,11,16,26,23,56,32,62,96,127,Untagged,1-wafer-01
1,wafer-01,14,8,1.65E-07,1-wafer-01,1,4,11,16,26,23,56,32,62,96,127,Untagged,1-wafer-01
1,wafer-01,14,9,1.65E-07,1-wafer-01,1,4,11,16,26,23,56,32,62,96,127,Untagged,1-wafer-01
1,wafer-01,14,10,-1.23E-07,1-wafer-01,1,4,11,16,26,23,56,32,62,96,127,Untagged,1-wafer-01
1,wafer-01,14,11,-6.07E-08,1-wafer-01,1,4,11,16,26,23,56,32,62,96,127,Untagged,1-wafer-01
1,wafer-01,14,12,-1.07E-07,1-wafer-01,1,4,11,16,26,23,56,32,62,96,127,Untagged,1-wafer-01
1,wafer-01,14,13,-2.78E-07,1-wafer-01,1,4,11,16,26,23,56,32,62,96,127,Untagged,1-wafer-01
1,wafer-01,14,14,-2.57E-07,1-wafer-01,1,4,11,16,26,23,56,32,62,96,127,Untagged,1-wafer-01
1,wafer-01,14,15,-1.27E-07,1-wafer-01,1,4,11,16,26,23,56,32,62,96,127,Untagged,1-wafer-01
1,wafer-01,14,16,-2.48E-07,1-wafer-01,1,4,11,16,26,23,56,32,62,96,127,Untagged,1-wafer-01
1,wafer-01,14,17,1.45E-07,1-wafer-01,1,4,11,16,26,23,56,32,62,96,127,Untagged,1-wafer-01
1,wafer-01,14,18,2.36E-07,1-wafer-01,1,4,11,16,26,23,56,32,62,96,127,Untagged,1-wafer-01
1,wafer-01,14,19,1.46E-07,1-wafer-01,1,4,11,16,26,23,56,32,62,96,127,Untagged,1-wafer-01
1,wafer-01,14,20,-2.89E-08,1-wafer-01,1,4,11,16,26,23,56,32,62,96,127,Untagged,1-wafer-01
1,wafer-01,14,21,-9.24E-08,1-wafer-01,1,4,11,16,26,23,56,32,62,96,127,Untagged,1-wafer-01
1,wafer-01,14,22,1.10E-07,1-wafer-01,1,4,11,16,26,23,56,32,62,96,127,Untagged,1-wafer-01
1,wafer-01,14,23,2.69E-08,1-wafer-01,1,4,11,16,26,23,56,32,62,96,127,Untagged,1-wafer-01
1,wafer-01,14,24,3.39E-08,1-wafer-01,1,4,11,16,26,23,56,32,62,96,127,Untagged,1-wafer-01
1,wafer-01,14,25,1.51E-07,1-wafer-01,1,4,11,16,26,23,56,32,62,96,127,Untagged,1-wafer-01
1,wafer-01,15,7,-3.62E-07,1-wafer-01,1,4,11,16,26,23,56,32,62,96,127,Untagged,1-wafer-01
1,wafer-01,15,8,-1.30E-07,1-wafer-01,1,4,11,16,26,23,56,32,62,96,127,Untagged,1-wafer-01
1,wafer-01,15,9,-2.05E-07,1-wafer-01,1,4,11,16,26,23,56,32,62,96,127,Untagged,1-wafer-01
1,wafer-01,15,10,-3.00E-08,1-wafer-01,1,4,11,16,26,23,56,32,62,96,127,Untagged,1-wafer-01
1,wafer-01,15,11,-1.19E-07,1-wafer-01,1,4,11,16,26,23,56,32,62,96,127,Untagged,1-wafer-01
1,wafer-01,15,12,-3.07E-07,1-wafer-01,1,4,11,16,26,23,56,32,62,96,127,Untagged,1-wafer-01
1,wafer-01,15,13,-3.64E-07,1-wafer-01,1,4,11,16,26,23,56,32,62,96,127,Untagged,1-wafer-01
1,wafer-01,15,14,-1.98E-07,1-wafer-01,1,4,11,16,26,23,56,32,62,96,127,Untagged,1-wafer-01
1,wafer-01,15,15,3.56E-08,1-wafer-01,1,4,11,16,26,23,56,32,62,96,127,Untagged,1-wafer-01
1,wafer-01,15,16,-2.20E-07,1-wafer-01,1,4,11,16,26,23,56,32,62,96,127,Untagged,1-wafer-01
1,wafer-01,15,17,-1.35E-07,1-wafer-01,1,4,11,16,26,23,56,32,62,96,127,Untagged,1-wafer-01
1,wafer-01,15,18,-3.35E-07,1-wafer-01,1,4,11,16,26,23,56,32,62,96,127,Untagged,1-wafer-01
1,wafer-01,15,19,-1.27E-07,1-wafer-01,1,4,11,16,26,23,56,32,62,96,127,Untagged,1-wafer-01
1,wafer-01,15,20,-1.01E-07,1-wafer-01,1,4,11,16,26,23,56,32,62,96,127,Untagged,1-wafer-01
1,wafer-01,15,21,-2.06E-07,1-wafer-01,1,4,11,16,26,23,56,32,62,96,127,Untagged,1-wafer-01
1,wafer-01,15,22,-2.39E-07,1-wafer-01,1,4,11,16,26,23,56,32,62,96,127,Untagged,1-wafer-01
1,wafer-01,15,23,-3.50E-07,1-wafer-01,1,4,11,16,26,23,56,32,62,96,127,Untagged,1-wafer-01
1,wafer-01,15,24,-2.35E-07,1-wafer-01,1,4,11,16,26,23,56,32,62,96,127,Untagged,1-wafer-01
1,wafer-01,15,25,-7.17E-08,1-wafer-01,1,4,11,16,26,23,56,32,62,96,127,Untagged,1-wafer-01
1,wafer-01,16,6,-2.74E-07,1-wafer-01,1,4,11,16,26,23,56,32,62,96,127,Untagged,1-wafer-01
1,wafer-01,16,7,-3.82E-07,1-wafer-01,1,4,11,16,26,23,56,32,62,96,127,Untagged,1-wafer-01
1,wafer-01,16,8,-3.82E-07,1-wafer-01,1,4,11,16,26,23,56,32,62,96,127,Untagged,1-wafer-01
1,wafer-01,16,9,-4.82E-07,1-wafer-01,1,4,11,16,26,23,56,32,62,96,127,Untagged,1-wafer-01
1,wafer-01,16,10,-5.22E-07,1-wafer-01,1,4,11,16,26,23,56,32,62,96,127,Untagged,1-wafer-01
1,wafer-01,16,11,-8.54E-07,1-wafer-01,1,4,11,16,26,23,56,32,62,96,127,Untagged,1-wafer-01
1,wafer-01,16,12,-6.92E-07,1-wafer-01,1,4,11,16,26,23,56,32,62,96,127,Untagged,1-wafer-01
1,wafer-01,16,13,-7.13E-07,1-wafer-01,1,4,11,16,26,23,56,32,62,96,127,Untagged,1-wafer-01
1,wafer-01,16,14,-5.79E-07,1-wafer-01,1,4,11,16,26,23,56,32,62,96,127,Untagged,1-wafer-01
1,wafer-01,16,15,-3.20E-07,1-wafer-01,1,4,11,16,26,23,56,32,62,96,127,Untagged,1-wafer-01
1,wafer-01,16,16,-2.60E-07,1-wafer-01,1,4,11,16,26,23,56,32,62,96,127,Untagged,1-wafer-01
1,wafer-01,16,17,-6.04E-07,1-wafer-01,1,4,11,16,26,23,56,32,62,96,127,Untagged,1-wafer-01
1,wafer-01,16,18,-5.24E-07,1-wafer-01,1,4,11,16,26,23,56,32,62,96,127,Untagged,1-wafer-01
1,wafer-01,16,19,-4.01E-07,1-wafer-01,1,4,11,16,26,23,56,32,62,96,127,Untagged,1-wafer-01
1,wafer-01,16,20,-4.66E-07,1-wafer-01,1,4,11,16,26,23,56,32,62,96,127,Untagged,1-wafer-01
1,wafer-01,16,21,6.16E-08,1-wafer-01,1,4,11,16,26,23,56,32,62,96,127,Untagged,1-wafer-01
1,wafer-01,16,22,-1.01E-09,1-wafer-01,1,4,11,16,26,23,56,32,62,96,127,Untagged,1-wafer-01
1,wafer-01,16,23,-8.69E-09,1-wafer-01,1,4,11,16,26,23,56,32,62,96,127,Untagged,1-wafer-01
1,wafer-01,16,24,-5.55E-08,1-wafer-01,1,4,11,16,26,23,56,32,62,96,127,Untagged,1-wafer-01
1,wafer-01,16,25,-2.27E-07,1-wafer-01,1,4,11,16,26,23,56,32,62,96,127,Untagged,1-wafer-01
1,wafer-01,16,26,-6.30E-08,1-wafer-01,1,4,11,16,26,23,56,32,62,96,127,Untagged,1-wafer-01
1,wafer-01,17,6,-1.99E-08,1-wafer-01,1,4,11,16,26,23,56,32,62,96,127,Untagged,1-wafer-01
1,wafer-01,17,7,9.14E-08,1-wafer-01,1,4,11,16,26,23,56,32,62,96,127,Untagged,1-wafer-01
1,wafer-01,17,8,2.01E-07,1-wafer-01,1,4,11,16,26,23,56,32,62,96,127,Untagged,1-wafer-01
1,wafer-01,17,9,3.79E-07,1-wafer-01,1,4,11,16,26,23,56,32,62,96,127,Untagged,1-wafer-01
1,wafer-01,17,10,5.00E-07,1-wafer-01,1,4,11,16,26,23,56,32,62,96,127,Untagged,1-wafer-01
1,wafer-01,17,11,5.79E-08,1-wafer-01,1,4,11,16,26,23,56,32,62,96,127,Untagged,1-wafer-01
1,wafer-01,17,12,-2.67E-07,1-wafer-01,1,4,11,16,26,23,56,32,62,96,127,Untagged,1-wafer-01
1,wafer-01,17,13,-2.30E-07,1-wafer-01,1,4,11,16,26,23,56,32,62,96,127,Untagged,1-wafer-01
1,wafer-01,17,14,-2.14E-07,1-wafer-01,1,4,11,16,26,23,56,32,62,96,127,Untagged,1-wafer-01
1,wafer-01,17,15,3.58E-08,1-wafer-01,1,4,11,16,26,23,56,32,62,96,127,Untagged,1-wafer-01
1,wafer-01,17,16,-6.64E-08,1-wafer-01,1,4,11,16,26,23,56,32,62,96,127,Untagged,1-wafer-01
1,wafer-01,17,17,6.82E-08,1-wafer-01,1,4,11,16,26,23,56,32,62,96,127,Untagged,1-wafer-01
1,wafer-01,17,18,-4.91E-08,1-wafer-01,1,4,11,16,26,23,56,32,62,96,127,Untagged,1-wafer-01
1,wafer-01,17,19,-1.84E-07,1-wafer-01,1,4,11,16,26,23,56,32,62,96,127,Untagged,1-wafer-01
1,wafer-01,17,20,1.39E-07,1-wafer-01,1,4,11,16,26,23,56,32,62,96,127,Untagged,1-wafer-01
1,wafer-01,17,21,3.58E-07,1-wafer-01,1,4,11,16,26,23,56,32,62,96,127,Untagged,1-wafer-01
1,wafer-01,17,22,6.30E-07,1-wafer-01,1,4,11,16,26,23,56,32,62,96,127,Untagged,1-wafer-01
1,wafer-01,17,23,4.28E-07,1-wafer-01,1,4,11,16,26,23,56,32,62,96,127,Untagged,1-wafer-01
1,wafer-01,17,24,4.10E-07,1-wafer-01,1,4,11,16,26,23,56,32,62,96,127,Untagged,1-wafer-01
1,wafer-01,17,25,3.58E-07,1-wafer-01,1,4,11,16,26,23,56,32,62,96,127,Untagged,1-wafer-01
1,wafer-01,17,26,3.23E-07,1-wafer-01,1,4,11,16,26,23,56,32,62,96,127,Untagged,1-wafer-01
1,wafer-01,18,6,-8.76E-08,1-wafer-01,1,4,11,16,26,23,56,32,62,96,127,Untagged,1-wafer-01
1,wafer-01,18,7,-1.60E-07,1-wafer-01,1,4,11,16,26,23,56,32,62,96,127,Untagged,1-wafer-01
1,wafer-01,18,8,-2.63E-07,1-wafer-01,1,4,11,16,26,23,56,32,62,96,127,Untagged,1-wafer-01
1,wafer-01,18,9,-1.71E-07,1-wafer-01,1,4,11,16,26,23,56,32,62,96,127,Untagged,1-wafer-01
1,wafer-01,18,10,2.44E-07,1-wafer-01,1,4,11,16,26,23,56,32,62,96,127,Untagged,1-wafer-01
1,wafer-01,18,11,2.22E-07,1-wafer-01,1,4,11,16,26,23,56,32,62,96,127,Untagged,1-wafer-01
1,wafer-01,18,12,1.27E-07,1-wafer-01,1,4,11,16,26,23,56,32,62,96,127,Untagged,1-wafer-01
1,wafer-01,18,13,1.70E-07,1-wafer-01,1,4,11,16,26,23,56,32,62,96,127,Untagged,1-wafer-01
1,wafer-01,18,14,1.40E-07,1-wafer-01,1,4,11,16,26,23,56,32,62,96,127,Untagged,1-wafer-01
1,wafer-01,18,15,3.80E-07,1-wafer-01,1,4,11,16,26,23,56,32,62,96,127,Untagged,1-wafer-01
1,wafer-01,18,16,3.15E-07,1-wafer-01,1,4,11,16,26,23,56,32,62,96,127,Untagged,1-wafer-01
1,wafer-01,18,17,1.06E-07,1-wafer-01,1,4,11,16,26,23,56,32,62,96,127,Untagged,1-wafer-01
1,wafer-01,18,18,2.33E-07,1-wafer-01,1,4,11,16,26,23,56,32,62,96,127,Untagged,1-wafer-01
1,wafer-01,18,19,3.58E-07,1-wafer-01,1,4,11,16,26,23,56,32,62,96,127,Untagged,1-wafer-01
1,wafer-01,18,20,4.75E-07,1-wafer-01,1,4,11,16,26,23,56,32,62,96,127,Untagged,1-wafer-01
1,wafer-01,18,21,5.70E-07,1-wafer-01,1,4,11,16,26,23,56,32,62,96,127,Untagged,1-wafer-01
1,wafer-01,18,22,8.03E-07,1-wafer-01,1,4,11,16,26,23,56,32,62,96,127,Untagged,1-wafer-01
1,wafer-01,18,23,6.18E-07,1-wafer-01,1,4,11,16,26,23,56,32,62,96,127,Untagged,1-wafer-01
1,wafer-01,18,24,5.85E-07,1-wafer-01,1,4,11,16,26,23,56,32,62,96,127,Untagged,1-wafer-01
1,wafer-01,18,25,5.43E-07,1-wafer-01,1,4,11,16,26,23,56,32,62,96,127,Untagged,1-wafer-01
1,wafer-01,18,26,5.18E-07,1-wafer-01,1,4,11,16,26,23,56,32,62,96,127,Untagged,1-wafer-01
1,wafer-01,19,6,-1.53E-07,1-wafer-01,1,4,11,16,26,23,56,32,62,96,127,Untagged,1-wafer-01
1,wafer-01,19,7,-5.06E-08,1-wafer-01,1,4,11,16,26,23,56,32,62,96,127,Untagged,1-wafer-01
1,wafer-01,19,8,-9.38E-08,1-wafer-01,1,4,11,16,26,23,56,32,62,96,127,Untagged,1-wafer-01
1,wafer-01,19,9,6.16E-09,1-wafer-01,1,4,11,16,26,23,56,32,62,96,127,Untagged,1-wafer-01
1,wafer-01,19,10,-1.09E-07,1-wafer-01,1,4,11,16,26,23,56,32,62,96,127,Untagged,1-wafer-01
1,wafer-01,19,11,-4.13E-07,1-wafer-01,1,4,11,16,26,23,56,32,62,96,127,Untagged,1-wafer-01
1,wafer-01,19,12,-4.70E-07,1-wafer-01,1,4,11,16,26,23,56,32,62,96,127,Untagged,1-wafer-01
1,wafer-01,19,13,-3.03E-07,1-wafer-01,1,4,11,16,26,23,56,32,62,96,127,Untagged,1-wafer-01
1,wafer-01,19,14,-2.44E-07,1-wafer-01,1,4,11,16,26,23,56,32,62,96,127,Untagged,1-wafer-01
1,wafer-01,19,15,-2.04E-07,1-wafer-01,1,4,11,16,26,23,56,32,62,96,127,Untagged,1-wafer-01
1,wafer-01,19,16,1.62E-07,1-wafer-01,1,4,11,16,26,23,56,32,62,96,127,Untagged,1-wafer-01
1,wafer-01,19,17,2.98E-07,1-wafer-01,1,4,11,16,26,23,56,32,62,96,127,Untagged,1-wafer-01
1,wafer-01,19,18,2.89E-07,1-wafer-01,1,4,11,16,26,23,56,32,62,96,127,Untagged,1-wafer-01
1,wafer-01,19,19,2.52E-07,1-wafer-01,1,4,11,16,26,23,56,32,62,96,127,Untagged,1-wafer-01
1,wafer-01,19,20,9.66E-08,1-wafer-01,1,4,11,16,26,23,56,32,62,96,127,Untagged,1-wafer-01
1,wafer-01,19,21,2.16E-07,1-wafer-01,1,4,11,16,26,23,56,32,62,96,127,Untagged,1-wafer-01
1,wafer-01,19,22,2.74E-07,1-wafer-01,1,4,11,16,26,23,56,32,62,96,127,Untagged,1-wafer-01
1,wafer-01,19,23,1.81E-07,1-wafer-01,1,4,11,16,26,23,56,32,62,96,127,Untagged,1-wafer-01
1,wafer-01,19,24,6.14E-08,1-wafer-01,1,4,11,16,26,23,56,32,62,96,127,Untagged,1-wafer-01
1,wafer-01,19,25,2.21E-08,1-wafer-01,1,4,11,16,26,23,56,32,62,96,127,Untagged,1-wafer-01
1,wafer-01,19,26,-1.98E-08,1-wafer-01,1,4,11,16,26,23,56,32,62,96,127,Untagged,1-wafer-01
1,wafer-01,20,5,-9.19E-08,1-wafer-01,1,4,11,16,26,23,56,32,62,96,127,Untagged,1-wafer-01
1,wafer-01,20,6,-2.39E-07,1-wafer-01,1,4,11,16,26,23,56,32,62,96,127,Untagged,1-wafer-01
1,wafer-01,20,7,-1.08E-07,1-wafer-01,1,4,11,16,26,23,56,32,62,96,127,Untagged,1-wafer-01
1,wafer-01,20,8,-1.34E-07,1-wafer-01,1,4,11,16,26,23,56,32,62,96,127,Untagged,1-wafer-01
1,wafer-01,20,9,-3.38E-08,1-wafer-01,1,4,11,16,26,23,56,32,62,96,127,Untagged,1-wafer-01
1,wafer-01,20,10,-7.82E-08,1-wafer-01,1,4,11,16,26,23,56,32,62,96,127,Untagged,1-wafer-01
1,wafer-01,20,11,9.31E-08,1-wafer-01,1,4,11,16,26,23,56,32,62,96,127,Untagged,1-wafer-01
1,wafer-01,20,12,2.78E-08,1-wafer-01,1,4,11,16,26,23,56,32,62,96,127,Untagged,1-wafer-01
1,wafer-01,20,13,4.40E-07,1-wafer-01,1,4,11,16,26,23,56,32,62,96,127,Untagged,1-wafer-01
1,wafer-01,20,14,3.67E-07,1-wafer-01,1,4,11,16,26,23,56,32,62,96,127,Untagged,1-wafer-01
1,wafer-01,20,15,4.07E-07,1-wafer-01,1,4,11,16,26,23,56,32,62,96,127,Untagged,1-wafer-01
1,wafer-01,20,16,4.32E-07,1-wafer-01,1,4,11,16,26,23,56,32,62,96,127,Untagged,1-wafer-01
1,wafer-01,20,17,6.04E-07,1-wafer-01,1,4,11,16,26,23,56,32,62,96,127,Untagged,1-wafer-01
1,wafer-01,20,18,3.94E-07,1-wafer-01,1,4,11,16,26,23,56,32,62,96,127,Untagged,1-wafer-01
1,wafer-01,20,19,5.55E-07,1-wafer-01,1,4,11,16,26,23,56,32,62,96,127,Untagged,1-wafer-01
1,wafer-01,20,20,3.53E-07,1-wafer-01,1,4,11,16,26,23,56,32,62,96,127,Untagged,1-wafer-01
1,wafer-01,20,21,3.88E-07,1-wafer-01,1,4,11,16,26,23,56,32,62,96,127,Untagged,1-wafer-01
1,wafer-01,20,22,2.82E-07,1-wafer-01,1,4,11,16,26,23,56,32,62,96,127,Untagged,1-wafer-01
1,wafer-01,20,23,4.16E-07,1-wafer-01,1,4,11,16,26,23,56,32,62,96,127,Untagged,1-wafer-01
1,wafer-01,20,24,2.64E-07,1-wafer-01,1,4,11,16,26,23,56,32,62,96,127,Untagged,1-wafer-01
1,wafer-01,20,25,3.49E-09,1-wafer-01,1,4,11,16,26,23,56,32,62,96,127,Untagged,1-wafer-01
1,wafer-01,20,26,2.11E-07,1-wafer-01,1,4,11,16,26,23,56,32,62,96,127,Untagged,1-wafer-01
1,wafer-01,20,27,2.35E-07,1-wafer-01,1,4,11,16,26,23,56,32,62,96,127,Untagged,1-wafer-01
1,wafer-01,21,5,3.06E-07,1-wafer-01,1,4,11,16,26,23,56,32,62,96,127,Untagged,1-wafer-01
1,wafer-01,21,6,3.35E-07,1-wafer-01,1,4,11,16,26,23,56,32,62,96,127,Untagged,1-wafer-01
1,wafer-01,21,7,2.19E-07,1-wafer-01,1,4,11,16,26,23,56,32,62,96,127,Untagged,1-wafer-01
1,wafer-01,21,8,2.13E-07,1-wafer-01,1,4,11,16,26,23,56,32,62,96,127,Untagged,1-wafer-01
1,wafer-01,21,9,3.21E-07,1-wafer-01,1,4,11,16,26,23,56,32,62,96,127,Untagged,1-wafer-01
1,wafer-01,21,10,1.40E-07,1-wafer-01,1,4,11,16,26,23,56,32,62,96,127,Untagged,1-wafer-01
1,wafer-01,21,11,6.90E-09,1-wafer-01,1,4,11,16,26,23,56,32,62,96,127,Untagged,1-wafer-01
1,wafer-01,21,12,9.05E-08,1-wafer-01,1,4,11,16,26,23,56,32,62,96,127,Untagged,1-wafer-01
1,wafer-01,21,13,8.53E-08,1-wafer-01,1,4,11,16,26,23,56,32,62,96,127,Untagged,1-wafer-01
1,wafer-01,21,14,9.10E-08,1-wafer-01,1,4,11,16,26,23,56,32,62,96,127,Untagged,1-wafer-01
1,wafer-01,21,15,1.93E-07,1-wafer-01,1,4,11,16,26,23,56,32,62,96,127,Untagged,1-wafer-01
1,wafer-01,21,16,2.29E-07,1-wafer-01,1,4,11,16,26,23,56,32,62,96,127,Untagged,1-wafer-01
1,wafer-01,21,17,-3.64E-08,1-wafer-01,1,4,11,16,26,23,56,32,62,96,127,Untagged,1-wafer-01
1,wafer-01,21,18,3.56E-08,1-wafer-01,1,4,11,16,26,23,56,32,62,96,127,Untagged,1-wafer-01
1,wafer-01,21,19,-4.18E-08,1-wafer-01,1,4,11,16,26,23,56,32,62,96,127,Untagged,1-wafer-01
1,wafer-01,21,20,-6.83E-08,1-wafer-01,1,4,11,16,26,23,56,32,62,96,127,Untagged,1-wafer-01
1,wafer-01,21,21,9.12E-08,1-wafer-01,1,4,11,16,26,23,56,32,62,96,127,Untagged,1-wafer-01
1,wafer-01,21,22,-2.31E-07,1-wafer-01,1,4,11,16,26,23,56,32,62,96,127,Untagged,1-wafer-01
1,wafer-01,21,23,-3.02E-07,1-wafer-01,1,4,11,16,26,23,56,32,62,96,127,Untagged,1-wafer-01
1,wafer-01,21,24,-1.28E-07,1-wafer-01,1,4,11,16,26,23,56,32,62,96,127,Untagged,1-wafer-01
1,wafer-01,21,25,-1.51E-07,1-wafer-01,1,4,11,16,26,23,56,32,62,96,127,Untagged,1-wafer-01
1,wafer-01,21,26,-7.65E-09,1-wafer-01,1,4,11,16,26,23,56,32,62,96,127,Untagged,1-wafer-01
1,wafer-01,21,27,2.28E-08,1-wafer-01,1,4,11,16,26,23,56,32,62,96,127,Untagged,1-wafer-01
1,wafer-01,22,5,2.25E-07,1-wafer-01,1,4,11,16,26,23,56,32,62,96,127,Untagged,1-wafer-01
1,wafer-01,22,6,1.41E-07,1-wafer-01,1,4,11,16,26,23,56,32,62,96,127,Untagged,1-wafer-01
1,wafer-01,22,7,1.67E-07,1-wafer-01,1,4,11,16,26,23,56,32,62,96,127,Untagged,1-wafer-01
1,wafer-01,22,8,2.18E-07,1-wafer-01,1,4,11,16,26,23,56,32,62,96,127,Untagged,1-wafer-01
1,wafer-01,22,9,3.15E-07,1-wafer-01,1,4,11,16,26,23,56,32,62,96,127,Untagged,1-wafer-01
1,wafer-01,22,10,2.91E-07,1-wafer-01,1,4,11,16,26,23,56,32,62,96,127,Untagged,1-wafer-01
1,wafer-01,22,11,2.12E-07,1-wafer-01,1,4,11,16,26,23,56,32,62,96,127,Untagged,1-wafer-01
1,wafer-01,22,12,3.50E-07,1-wafer-01,1,4,11,16,26,23,56,32,62,96,127,Untagged,1-wafer-01
1,wafer-01,22,13,4.73E-07,1-wafer-01,1,4,11,16,26,23,56,32,62,96,127,Untagged,1-wafer-01
1,wafer-01,22,14,2.53E-07,1-wafer-01,1,4,11,16,26,23,56,32,62,96,127,Untagged,1-wafer-01
1,wafer-01,22,15,2.52E-07,1-wafer-01,1,4,11,16,26,23,56,32,62,96,127,Untagged,1-wafer-01
1,wafer-01,22,16,-9.50E-08,1-wafer-01,1,4,11,16,26,23,56,32,62,96,127,Untagged,1-wafer-01
1,wafer-01,22,17,-3.04E-07,1-wafer-01,1,4,11,16,26,23,56,32,62,96,127,Untagged,1-wafer-01
1,wafer-01,22,18,-3.94E-07,1-wafer-01,1,4,11,16,26,23,56,32,62,96,127,Untagged,1-wafer-01
1,wafer-01,22,19,-4.27E-07,1-wafer-01,1,4,11,16,26,23,56,32,62,96,127,Untagged,1-wafer-01
1,wafer-01,22,20,-6.25E-07,1-wafer-01,1,4,11,16,26,23,56,32,62,96,127,Untagged,1-wafer-01
1,wafer-01,22,21,-7.63E-07,1-wafer-01,1,4,11,16,26,23,56,32,62,96,127,Untagged,1-wafer-01
1,wafer-01,22,22,-8.38E-07,1-wafer-01,1,4,11,16,26,23,56,32,62,96,127,Untagged,1-wafer-01
1,wafer-01,22,23,-3.25E-07,1-wafer-01,1,4,11,16,26,23,56,32,62,96,127,Untagged,1-wafer-01
1,wafer-01,22,24,-9.70E-08,1-wafer-01,1,4,11,16,26,23,56,32,62,96,127,Untagged,1-wafer-01
1,wafer-01,22,25,8.48E-08,1-wafer-01,1,4,11,16,26,23,56,32,62,96,127,Untagged,1-wafer-01
1,wafer-01,22,26,-7.84E-08,1-wafer-01,1,4,11,16,26,23,56,32,62,96,127,Untagged,1-wafer-01
1,wafer-01,22,27,-2.51E-07,1-wafer-01,1,4,11,16,26,23,56,32,62,96,127,Untagged,1-wafer-01
1,wafer-01,23,5,7.92E-07,1-wafer-01,1,4,11,16,26,23,56,32,62,96,127,Untagged,1-wafer-01
1,wafer-01,23,6,4.44E-07,1-wafer-01,1,4,11,16,26,23,56,32,62,96,127,Untagged,1-wafer-01
1,wafer-01,23,7,1.61E-07,1-wafer-01,1,4,11,16,26,23,56,32,62,96,127,Untagged,1-wafer-01
1,wafer-01,23,8,5.83E-07,1-wafer-01,1,4,11,16,26,23,56,32,62,96,127,Untagged,1-wafer-01
1,wafer-01,23,9,6.22E-07,1-wafer-01,1,4,11,16,26,23,56,32,62,96,127,Untagged,1-wafer-01
1,wafer-01,23,10,9.00E-07,1-wafer-01,1,4,11,16,26,23,56,32,62,96,127,Untagged,1-wafer-01
1,wafer-01,23,11,7.21E-07,1-wafer-01,1,4,11,16,26,23,56,32,62,96,127,Untagged,1-wafer-01
1,wafer-01,23,12,7.38E-07,1-wafer-01,1,4,11,16,26,23,56,32,62,96,127,Untagged,1-wafer-01
1,wafer-01,23,13,7.18E-07,1-wafer-01,1,4,11,16,26,23,56,32,62,96,127,Untagged,1-wafer-01
1,wafer-01,23,14,6.00E-07,1-wafer-01,1,4,11,16,26,23,56,32,62,96,127,Untagged,1-wafer-01
1,wafer-01,23,15,4.21E-07,1-wafer-01,1,4,11,16,26,23,56,32,62,96,127,Untagged,1-wafer-01
1,wafer-01,23,16,3.62E-08,1-wafer-01,1,4,11,16,26,23,56,32,62,96,127,Untagged,1-wafer-01
1,wafer-01,23,17,-2.24E-07,1-wafer-01,1,4,11,16,26,23,56,32,62,96,127,Untagged,1-wafer-01
1,wafer-01,23,18,-1.70E-07,1-wafer-01,1,4,11,16,26,23,56,32,62,96,127,Untagged,1-wafer-01
1,wafer-01,23,19,-1.17E-07,1-wafer-01,1,4,11,16,26,23,56,32,62,96,127,Untagged,1-wafer-01
1,wafer-01,23,20,-5.26E-07,1-wafer-01,1,4,11,16,26,23,56,32,62,96,127,Untagged,1-wafer-01
1,wafer-01,23,21,-2.08E-07,1-wafer-01,1,4,11,16,26,23,56,32,62,96,127,Untagged,1-wafer-01
1,wafer-01,23,22,-3.83E-07,1-wafer-01,1,4,11,16,26,23,56,32,62,96,127,Untagged,1-wafer-01
1,wafer-01,23,23,-3.27E-07,1-wafer-01,1,4,11,16,26,23,56,32,62,96,127,Untagged,1-wafer-01
1,wafer-01,23,24,-2.71E-07,1-wafer-01,1,4,11,16,26,23,56,32,62,96,127,Untagged,1-wafer-01
1,wafer-01,23,25,-1.03E-07,1-wafer-01,1,4,11,16,26,23,56,32,62,96,127,Untagged,1-wafer-01
1,wafer-01,23,26,-3.34E-07,1-wafer-01,1,4,11,16,26,23,56,32,62,96,127,Untagged,1-wafer-01
1,wafer-01,23,27,-1.16E-07,1-wafer-01,1,4,11,16,26,23,56,32,62,96,127,Untagged,1-wafer-01
1,wafer-01,24,5,1.64E-07,1-wafer-01,1,4,11,16,26,23,56,32,62,96,127,Untagged,1-wafer-01
1,wafer-01,24,6,-1.79E-07,1-wafer-01,1,4,11,16,26,23,56,32,62,96,127,Untagged,1-wafer-01
1,wafer-01,24,7,-1.00E-08,1-wafer-01,1,4,11,16,26,23,56,32,62,96,127,Untagged,1-wafer-01
1,wafer-01,24,8,8.87E-08,1-wafer-01,1,4,11,16,26,23,56,32,62,96,127,Untagged,1-wafer-01
1,wafer-01,24,9,8.76E-08,1-wafer-01,1,4,11,16,26,23,56,32,62,96,127,Untagged,1-wafer-01
1,wafer-01,24,10,-6.56E-08,1-wafer-01,1,4,11,16,26,23,56,32,62,96,127,Untagged,1-wafer-01
1,wafer-01,24,11,-1.98E-07,1-wafer-01,1,4,11,16,26,23,56,32,62,96,127,Untagged,1-wafer-01
1,wafer-01,24,12,1.85E-08,1-wafer-01,1,4,11,16,26,23,56,32,62,96,127,Untagged,1-wafer-01
1,wafer-01,24,13,1.07E-07,1-wafer-01,1,4,11,16,26,23,56,32,62,96,127,Untagged,1-wafer-01
1,wafer-01,24,14,-2.76E-07,1-wafer-01,1,4,11,16,26,23,56,32,62,96,127,Untagged,1-wafer-01
1,wafer-01,24,15,-7.34E-08,1-wafer-01,1,4,11,16,26,23,56,32,62,96,127,Untagged,1-wafer-01
1,wafer-01,24,16,-3.75E-07,1-wafer-01,1,4,11,16,26,23,56,32,62,96,127,Untagged,1-wafer-01
1,wafer-01,24,17,-2.53E-07,1-wafer-01,1,4,11,16,26,23,56,32,62,96,127,Untagged,1-wafer-01
1,wafer-01,24,18,-4.44E-07,1-wafer-01,1,4,11,16,26,23,56,32,62,96,127,Untagged,1-wafer-01
1,wafer-01,24,19,-6.88E-07,1-wafer-01,1,4,11,16,26,23,56,32,62,96,127,Untagged,1-wafer-01
1,wafer-01,24,20,-2.38E-07,1-wafer-01,1,4,11,16,26,23,56,32,62,96,127,Untagged,1-wafer-01
1,wafer-01,24,21,-2.62E-07,1-wafer-01,1,4,11,16,26,23,56,32,62,96,127,Untagged,1-wafer-01
1,wafer-01,24,22,-6.68E-08,1-wafer-01,1,4,11,16,26,23,56,32,62,96,127,Untagged,1-wafer-01
1,wafer-01,24,23,-6.04E-08,1-wafer-01,1,4,11,16,26,23,56,32,62,96,127,Untagged,1-wafer-01
1,wafer-01,24,24,-3.18E-07,1-wafer-01,1,4,11,16,26,23,56,32,62,96,127,Untagged,1-wafer-01
1,wafer-01,24,25,-3.12E-07,1-wafer-01,1,4,11,16,26,23,56,32,62,96,127,Untagged,1-wafer-01
1,wafer-01,24,26,-5.03E-07,1-wafer-01,1,4,11,16,26,23,56,32,62,96,127,Untagged,1-wafer-01
1,wafer-01,24,27,-6.97E-07,1-wafer-01,1,4,11,16,26,23,56,32,62,96,127,Untagged,1-wafer-01
1,wafer-01,25,5,3.61E-07,1-wafer-01,1,4,11,16,26,23,56,32,62,96,127,Untagged,1-wafer-01
1,wafer-01,25,6,1.85E-07,1-wafer-01,1,4,11,16,26,23,56,32,62,96,127,Untagged,1-wafer-01
1,wafer-01,25,7,4.61E-07,1-wafer-01,1,4,11,16,26,23,56,32,62,96,127,Untagged,1-wafer-01
1,wafer-01,25,8,3.82E-07,1-wafer-01,1,4,11,16,26,23,56,32,62,96,127,Untagged,1-wafer-01
1,wafer-01,25,9,3.54E-07,1-wafer-01,1,4,11,16,26,23,56,32,62,96,127,Untagged,1-wafer-01
1,wafer-01,25,10,1.80E-07,1-wafer-01,1,4,11,16,26,23,56,32,62,96,127,Untagged,1-wafer-01
1,wafer-01,25,11,5.39E-08,1-wafer-01,1,4,11,16,26,23,56,32,62,96,127,Untagged,1-wafer-01
1,wafer-01,25,12,-2.37E-07,1-wafer-01,1,4,11,16,26,23,56,32,62,96,127,Untagged,1-wafer-01
1,wafer-01,25,13,4.42E-08,1-wafer-01,1,4,11,16,26,23,56,32,62,96,127,Untagged,1-wafer-01
1,wafer-01,25,14,4.45E-08,1-wafer-01,1,4,11,16,26,23,56,32,62,96,127,Untagged,1-wafer-01
1,wafer-01,25,15,8.12E-08,1-wafer-01,1,4,11,16,26,23,56,32,62,96,127,Untagged,1-wafer-01
1,wafer-01,25,16,-1.26E-07,1-wafer-01,1,4,11,16,26,23,56,32,62,96,127,Untagged,1-wafer-01
1,wafer-01,25,17,1.14E-07,1-wafer-01,1,4,11,16,26,23,56,32,62,96,127,Untagged,1-wafer-01
1,wafer-01,25,18,7.65E-09,1-wafer-01,1,4,11,16,26,23,56,32,62,96,127,Untagged,1-wafer-01
1,wafer-01,25,19,-1.38E-07,1-wafer-01,1,4,11,16,26,23,56,32,62,96,127,Untagged,1-wafer-01
1,wafer-01,25,20,-3.06E-07,1-wafer-01,1,4,11,16,26,23,56,32,62,96,127,Untagged,1-wafer-01
1,wafer-01,25,21,-5.34E-07,1-wafer-01,1,4,11,16,26,23,56,32,62,96,127,Untagged,1-wafer-01
1,wafer-01,25,22,-5.73E-07,1-wafer-01,1,4,11,16,26,23,56,32,62,96,127,Untagged,1-wafer-01
1,wafer-01,25,23,-4.71E-07,1-wafer-01,1,4,11,16,26,23,56,32,62,96,127,Untagged,1-wafer-01
1,wafer-01,25,24,-6.72E-07,1-wafer-01,1,4,11,16,26,23,56,32,62,96,127,Untagged,1-wafer-01
1,wafer-01,25,25,-4.48E-07,1-wafer-01,1,4,11,16,26,23,56,32,62,96,127,Untagged,1-wafer-01
1,wafer-01,25,26,-3.74E-07,1-wafer-01,1,4,11,16,26,23,56,32,62,96,127,Untagged,1-wafer-01
1,wafer-01,25,27,-2.06E-07,1-wafer-01,1,4,11,16,26,23,56,32,62,96,127,Untagged,1-wafer-01
1,wafer-01,26,5,8.36E-07,1-wafer-01,1,4,11,16,26,23,56,32,62,96,127,Untagged,1-wafer-01
1,wafer-01,26,6,7.16E-07,1-wafer-01,1,4,11,16,26,23,56,32,62,96,127,Untagged,1-wafer-01
1,wafer-01,26,7,3.80E-07,1-wafer-01,1,4,11,16,26,23,56,32,62,96,127,Untagged,1-wafer-01
1,wafer-01,26,8,2.78E-07,1-wafer-01,1,4,11,16,26,23,56,32,62,96,127,Untagged,1-wafer-01
1,wafer-01,26,9,1.32E-07,1-wafer-01,1,4,11,16,26,23,56,32,62,96,127,Untagged,1-wafer-01
1,wafer-01,26,10,5.01E-07,1-wafer-01,1,4,11,16,26,23,56,32,62,96,127,Untagged,1-wafer-01
1,wafer-01,26,11,1.16E-07,1-wafer-01,1,4,11,16,26,23,56,32,62,96,127,Untagged,1-wafer-01
1,wafer-01,26,12,1.13E-07,1-wafer-01,1,4,11,16,26,23,56,32,62,96,127,Untagged,1-wafer-01
1,wafer-01,26,13,1.23E-07,1-wafer-01,1,4,11,16,26,23,56,32,62,96,127,Untagged,1-wafer-01
1,wafer-01,26,14,1.16E-07,1-wafer-01,1,4,11,16,26,23,56,32,62,96,127,Untagged,1-wafer-01
1,wafer-01,26,15,3.54E-08,1-wafer-01,1,4,11,16,26,23,56,32,62,96,127,Untagged,1-wafer-01
1,wafer-01,26,16,1.76E-07,1-wafer-01,1,4,11,16,26,23,56,32,62,96,127,Untagged,1-wafer-01
1,wafer-01,26,17,3.68E-08,1-wafer-01,1,4,11,16,26,23,56,32,62,96,127,Untagged,1-wafer-01
1,wafer-01,26,18,-2.83E-07,1-wafer-01,1,4,11,16,26,23,56,32,62,96,127,Untagged,1-wafer-01
1,wafer-01,26,19,-5.07E-07,1-wafer-01,1,4,11,16,26,23,56,32,62,96,127,Untagged,1-wafer-01
1,wafer-01,26,20,-4.47E-07,1-wafer-01,1,4,11,16,26,23,56,32,62,96,127,Untagged,1-wafer-01
1,wafer-01,26,21,-5.13E-07,1-wafer-01,1,4,11,16,26,23,56,32,62,96,127,Untagged,1-wafer-01
1,wafer-01,26,22,-5.03E-07,1-wafer-01,1,4,11,16,26,23,56,32,62,96,127,Untagged,1-wafer-01
1,wafer-01,26,23,-1.06E-08,1-wafer-01,1,4,11,16,26,23,56,32,62,96,127,Untagged,1-wafer-01
1,wafer-01,26,24,-2.57E-07,1-wafer-01,1,4,11,16,26,23,56,32,62,96,127,Untagged,1-wafer-01
1,wafer-01,26,25,-1.95E-07,1-wafer-01,1,4,11,16,26,23,56,32,62,96,127,Untagged,1-wafer-01
1,wafer-01,26,26,-4.27E-07,1-wafer-01,1,4,11,16,26,23,56,32,62,96,127,Untagged,1-wafer-01
1,wafer-01,26,27,-6.21E-07,1-wafer-01,1,4,11,16,26,23,56,32,62,96,127,Untagged,1-wafer-01
1,wafer-01,27,5,3.95E-07,1-wafer-01,1,4,11,16,26,23,56,32,62,96,127,Untagged,1-wafer-01
1,wafer-01,27,6,1.44E-07,1-wafer-01,1,4,11,16,26,23,56,32,62,96,127,Untagged,1-wafer-01
1,wafer-01,27,7,-1.95E-09,1-wafer-01,1,4,11,16,26,23,56,32,62,96,127,Untagged,1-wafer-01
1,wafer-01,27,8,8.89E-08,1-wafer-01,1,4,11,16,26,23,56,32,62,96,127,Untagged,1-wafer-01
1,wafer-01,27,9,3.03E-07,1-wafer-01,1,4,11,16,26,23,56,32,62,96,127,Untagged,1-wafer-01
1,wafer-01,27,10,3.65E-08,1-wafer-01,1,4,11,16,26,23,56,32,62,96,127,Untagged,1-wafer-01
1,wafer-01,27,11,2.44E-07,1-wafer-01,1,4,11,16,26,23,56,32,62,96,127,Untagged,1-wafer-01
1,wafer-01,27,12,-1.54E-08,1-wafer-01,1,4,11,16,26,23,56,32,62,96,127,Untagged,1-wafer-01
1,wafer-01,27,13,-1.72E-07,1-wafer-01,1,4,11,16,26,23,56,32,62,96,127,Untagged,1-wafer-01
1,wafer-01,27,14,-1.61E-07,1-wafer-01,1,4,11,16,26,23,56,32,62,96,127,Untagged,1-wafer-01
1,wafer-01,27,15,-2.45E-07,1-wafer-01,1,4,11,16,26,23,56,32,62,96,127,Untagged,1-wafer-01
1,wafer-01,27,16,2.21E-08,1-wafer-01,1,4,11,16,26,23,56,32,62,96,127,Untagged,1-wafer-01
1,wafer-01,27,17,-7.06E-08,1-wafer-01,1,4,11,16,26,23,56,32,62,96,127,Untagged,1-wafer-01
1,wafer-01,27,18,2.26E-08,1-wafer-01,1,4,11,16,26,23,56,32,62,96,127,Untagged,1-wafer-01
1,wafer-01,27,19,-6.14E-09,1-wafer-01,1,4,11,16,26,23,56,32,62,96,127,Untagged,1-wafer-01
1,wafer-01,27,20,5.95E-08,1-wafer-01,1,4,11,16,26,23,56,32,62,96,127,Untagged,1-wafer-01
1,wafer-01,27,21,-1.60E-08,1-wafer-01,1,4,11,16,26,23,56,32,62,96,127,Untagged,1-wafer-01
1,wafer-01,27,22,-4.55E-08,1-wafer-01,1,4,11,16,26,23,56,32,62,96,127,Untagged,1-wafer-01
1,wafer-01,27,23,-9.71E-08,1-wafer-01,1,4,11,16,26,23,56,32,62,96,127,Untagged,1-wafer-01
1,wafer-01,27,24,-2.05E-07,1-wafer-01,1,4,11,16,26,23,56,32,62,96,127,Untagged,1-wafer-01
1,wafer-01,27,25,-2.50E-07,1-wafer-01,1,4,11,16,26,23,56,32,62,96,127,Untagged,1-wafer-01
1,wafer-01,27,26,-1.62E-07,1-wafer-01,1,4,11,16,26,23,56,32,62,96,127,Untagged,1-wafer-01
1,wafer-01,27,27,-1.44E-07,1-wafer-01,1,4,11,16,26,23,56,32,62,96,127,Untagged,1-wafer-01
1,wafer-01,28,5,-1.58E-07,1-wafer-01,1,4,11,16,26,23,56,32,62,96,127,Untagged,1-wafer-01
1,wafer-01,28,6,-3.73E-07,1-wafer-01,1,4,11,16,26,23,56,32,62,96,127,Untagged,1-wafer-01
1,wafer-01,28,7,-2.54E-07,1-wafer-01,1,4,11,16,26,23,56,32,62,96,127,Untagged,1-wafer-01
1,wafer-01,28,8,-1.96E-07,1-wafer-01,1,4,11,16,26,23,56,32,62,96,127,Untagged,1-wafer-01
1,wafer-01,28,9,-2.85E-07,1-wafer-01,1,4,11,16,26,23,56,32,62,96,127,Untagged,1-wafer-01
1,wafer-01,28,10,-2.82E-07,1-wafer-01,1,4,11,16,26,23,56,32,62,96,127,Untagged,1-wafer-01
1,wafer-01,28,11,-2.30E-07,1-wafer-01,1,4,11,16,26,23,56,32,62,96,127,Untagged,1-wafer-01
1,wafer-01,28,12,-2.11E-07,1-wafer-01,1,4,11,16,26,23,56,32,62,96,127,Untagged,1-wafer-01
1,wafer-01,28,13,-4.04E-07,1-wafer-01,1,4,11,16,26,23,56,32,62,96,127,Untagged,1-wafer-01
1,wafer-01,28,14,-2.56E-07,1-wafer-01,1,4,11,16,26,23,56,32,62,96,127,Untagged,1-wafer-01
1,wafer-01,28,15,-5.10E-07,1-wafer-01,1,4,11,16,26,23,56,32,62,96,127,Untagged,1-wafer-01
1,wafer-01,28,16,-6.46E-07,1-wafer-01,1,4,11,16,26,23,56,32,62,96,127,Untagged,1-wafer-01
1,wafer-01,28,17,-2.21E-07,1-wafer-01,1,4,11,16,26,23,56,32,62,96,127,Untagged,1-wafer-01
1,wafer-01,28,18,-3.44E-07,1-wafer-01,1,4,11,16,26,23,56,32,62,96,127,Untagged,1-wafer-01
1,wafer-01,28,19,-3.33E-07,1-wafer-01,1,4,11,16,26,23,56,32,62,96,127,Untagged,1-wafer-01
1,wafer-01,28,20,6.98E-08,1-wafer-01,1,4,11,16,26,23,56,32,62,96,127,Untagged,1-wafer-01
1,wafer-01,28,21,-2.07E-07,1-wafer-01,1,4,11,16,26,23,56,32,62,96,127,Untagged,1-wafer-01
1,wafer-01,28,22,5.53E-08,1-wafer-01,1,4,11,16,26,23,56,32,62,96,127,Untagged,1-wafer-01
1,wafer-01,28,23,1.89E-07,1-wafer-01,1,4,11,16,26,23,56,32,62,96,127,Untagged,1-wafer-01
1,wafer-01,28,24,4.30E-07,1-wafer-01,1,4,11,16,26,23,56,32,62,96,127,Untagged,1-wafer-01
1,wafer-01,28,25,3.33E-07,1-wafer-01,1,4,11,16,26,23,56,32,62,96,127,Untagged,1-wafer-01
1,wafer-01,28,26,2.99E-07,1-wafer-01,1,4,11,16,26,23,56,32,62,96,127,Untagged,1-wafer-01
1,wafer-01,28,27,2.42E-07,1-wafer-01,1,4,11,16,26,23,56,32,62,96,127,Untagged,1-wafer-01
1,wafer-01,29,5,-5.67E-07,1-wafer-01,1,4,11,16,26,23,56,32,62,96,127,Untagged,1-wafer-01
1,wafer-01,29,6,-3.96E-07,1-wafer-01,1,4,11,16,26,23,56,32,62,96,127,Untagged,1-wafer-01
1,wafer-01,29,7,-3.76E-07,1-wafer-01,1,4,11,16,26,23,56,32,62,96,127,Untagged,1-wafer-01
1,wafer-01,29,8,-2.59E-07,1-wafer-01,1,4,11,16,26,23,56,32,62,96,127,Untagged,1-wafer-01
1,wafer-01,29,9,-6.54E-07,1-wafer-01,1,4,11,16,26,23,56,32,62,96,127,Untagged,1-wafer-01
1,wafer-01,29,10,-6.59E-07,1-wafer-01,1,4,11,16,26,23,56,32,62,96,127,Untagged,1-wafer-01
1,wafer-01,29,11,-3.61E-07,1-wafer-01,1,4,11,16,26,23,56,32,62,96,127,Untagged,1-wafer-01
1,wafer-01,29,12,-4.51E-07,1-wafer-01,1,4,11,16,26,23,56,32,62,96,127,Untagged,1-wafer-01
1,wafer-01,29,13,-3.03E-07,1-wafer-01,1,4,11,16,26,23,56,32,62,96,127,Untagged,1-wafer-01
1,wafer-01,29,14,-2.79E-07,1-wafer-01,1,4,11,16,26,23,56,32,62,96,127,Untagged,1-wafer-01
1,wafer-01,29,15,-6.97E-08,1-wafer-01,1,4,11,16,26,23,56,32,62,96,127,Untagged,1-wafer-01
1,wafer-01,29,16,1.78E-07,1-wafer-01,1,4,11,16,26,23,56,32,62,96,127,Untagged,1-wafer-01
1,wafer-01,29,17,1.56E-07,1-wafer-01,1,4,11,16,26,23,56,32,62,96,127,Untagged,1-wafer-01
1,wafer-01,29,18,2.52E-07,1-wafer-01,1,4,11,16,26,23,56,32,62,96,127,Untagged,1-wafer-01
1,wafer-01,29,19,2.22E-07,1-wafer-01,1,4,11,16,26,23,56,32,62,96,127,Untagged,1-wafer-01
1,wafer-01,29,20,-1.09E-07,1-wafer-01,1,4,11,16,26,23,56,32,62,96,127,Untagged,1-wafer-01
1,wafer-01,29,21,-1.73E-07,1-wafer-01,1,4,11,16,26,23,56,32,62,96,127,Untagged,1-wafer-01
1,wafer-01,29,22,-1.41E-07,1-wafer-01,1,4,11,16,26,23,56,32,62,96,127,Untagged,1-wafer-01
1,wafer-01,29,23,-2.55E-07,1-wafer-01,1,4,11,16,26,23,56,32,62,96,127,Untagged,1-wafer-01
1,wafer-01,29,24,-3.33E-07,1-wafer-01,1,4,11,16,26,23,56,32,62,96,127,Untagged,1-wafer-01
1,wafer-01,29,25,-3.44E-08,1-wafer-01,1,4,11,16,26,23,56,32,62,96,127,Untagged,1-wafer-01
1,wafer-01,29,26,-4.09E-09,1-wafer-01,1,4,11,16,26,23,56,32,62,96,127,Untagged,1-wafer-01
1,wafer-01,29,27,1.31E-07,1-wafer-01,1,4,11,16,26,23,56,32,62,96,127,Untagged,1-wafer-01
1,wafer-01,30,5,-4.96E-07,1-wafer-01,1,4,11,16,26,23,56,32,62,96,127,Untagged,1-wafer-01
1,wafer-01,30,6,-8.04E-07,1-wafer-01,1,4,11,16,26,23,56,32,62,96,127,Untagged,1-wafer-01
1,wafer-01,30,7,-3.97E-07,1-wafer-01,1,4,11,16,26,23,56,32,62,96,127,Untagged,1-wafer-01
1,wafer-01,30,8,-2.26E-07,1-wafer-01,1,4,11,16,26,23,56,32,62,96,127,Untagged,1-wafer-01
1,wafer-01,30,9,-4.33E-08,1-wafer-01,1,4,11,16,26,23,56,32,62,96,127,Untagged,1-wafer-01
1,wafer-01,30,10,2.52E-07,1-wafer-01,1,4,11,16,26,23,56,32,62,96,127,Untagged,1-wafer-01
1,wafer-01,30,11,3.75E-08,1-wafer-01,1,4,11,16,26,23,56,32,62,96,127,Untagged,1-wafer-01
1,wafer-01,30,12,7.72E-10,1-wafer-01,1,4,11,16,26,23,56,32,62,96,127,Untagged,1-wafer-01
1,wafer-01,30,13,-2.79E-07,1-wafer-01,1,4,11,16,26,23,56,32,62,96,127,Untagged,1-wafer-01
1,wafer-01,30,14,-7.08E-08,1-wafer-01,1,4,11,16,26,23,56,32,62,96,127,Untagged,1-wafer-01
1,wafer-01,30,15,8.47E-08,1-wafer-01,1,4,11,16,26,23,56,32,62,96,127,Untagged,1-wafer-01
1,wafer-01,30,16,1.42E-07,1-wafer-01,1,4,11,16,26,23,56,32,62,96,127,Untagged,1-wafer-01
1,wafer-01,30,17,6.81E-08,1-wafer-01,1,4,11,16,26,23,56,32,62,96,127,Untagged,1-wafer-01
1,wafer-01,30,18,-8.26E-08,1-wafer-01,1,4,11,16,26,23,56,32,62,96,127,Untagged,1-wafer-01
1,wafer-01,30,19,-1.18E-07,1-wafer-01,1,4,11,16,26,23,56,32,62,96,127,Untagged,1-wafer-01
1,wafer-01,30,20,-2.32E-07,1-wafer-01,1,4,11,16,26,23,56,32,62,96,127,Untagged,1-wafer-01
1,wafer-01,30,21,-2.93E-07,1-wafer-01,1,4,11,16,26,23,56,32,62,96,127,Untagged,1-wafer-01
1,wafer-01,30,22,-1.39E-07,1-wafer-01,1,4,11,16,26,23,56,32,62,96,127,Untagged,1-wafer-01
1,wafer-01,30,23,-2.22E-07,1-wafer-01,1,4,11,16,26,23,56,32,62,96,127,Untagged,1-wafer-01
1,wafer-01,30,24,-6.82E-07,1-wafer-01,1,4,11,16,26,23,56,32,62,96,127,Untagged,1-wafer-01
1,wafer-01,30,25,-2.50E-07,1-wafer-01,1,4,11,16,26,23,56,32,62,96,127,Untagged,1-wafer-01
1,wafer-01,30,26,-2.29E-07,1-wafer-01,1,4,11,16,26,23,56,32,62,96,127,Untagged,1-wafer-01
1,wafer-01,30,27,-1.03E-07,1-wafer-01,1,4,11,16,26,23,56,32,62,96,127,Untagged,1-wafer-01
1,wafer-01,31,6,-1.54E-07,1-wafer-01,1,4,11,16,26,23,56,32,62,96,127,Untagged,1-wafer-01
1,wafer-01,31,7,-4.09E-07,1-wafer-01,1,4,11,16,26,23,56,32,62,96,127,Untagged,1-wafer-01
1,wafer-01,31,8,-3.24E-07,1-wafer-01,1,4,11,16,26,23,56,32,62,96,127,Untagged,1-wafer-01
1,wafer-01,31,9,-5.44E-08,1-wafer-01,1,4,11,16,26,23,56,32,62,96,127,Untagged,1-wafer-01
1,wafer-01,31,10,-2.69E-08,1-wafer-01,1,4,11,16,26,23,56,32,62,96,127,Untagged,1-wafer-01
1,wafer-01,31,11,2.27E-07,1-wafer-01,1,4,11,16,26,23,56,32,62,96,127,Untagged,1-wafer-01
1,wafer-01,31,12,2.90E-07,1-wafer-01,1,4,11,16,26,23,56,32,62,96,127,Untagged,1-wafer-01
1,wafer-01,31,13,3.99E-07,1-wafer-01,1,4,11,16,26,23,56,32,62,96,127,Untagged,1-wafer-01
1,wafer-01,31,14,3.81E-07,1-wafer-01,1,4,11,16,26,23,56,32,62,96,127,Untagged,1-wafer-01
1,wafer-01,31,15,4.53E-07,1-wafer-01,1,4,11,16,26,23,56,32,62,96,127,Untagged,1-wafer-01
1,wafer-01,31,16,1.18E-07,1-wafer-01,1,4,11,16,26,23,56,32,62,96,127,Untagged,1-wafer-01
1,wafer-01,31,17,-1.20E-07,1-wafer-01,1,4,11,16,26,23,56,32,62,96,127,Untagged,1-wafer-01
1,wafer-01,31,18,-1.27E-08,1-wafer-01,1,4,11,16,26,23,56,32,62,96,127,Untagged,1-wafer-01
1,wafer-01,31,19,-2.34E-07,1-wafer-01,1,4,11,16,26,23,56,32,62,96,127,Untagged,1-wafer-01
1,wafer-01,31,20,-6.77E-08,1-wafer-01,1,4,11,16,26,23,56,32,62,96,127,Untagged,1-wafer-01
1,wafer-01,31,21,-2.40E-08,1-wafer-01,1,4,11,16,26,23,56,32,62,96,127,Untagged,1-wafer-01
1,wafer-01,31,22,2.04E-07,1-wafer-01,1,4,11,16,26,23,56,32,62,96,127,Untagged,1-wafer-01
1,wafer-01,31,23,3.02E-07,1-wafer-01,1,4,11,16,26,23,56,32,62,96,127,Untagged,1-wafer-01
1,wafer-01,31,24,3.25E-07,1-wafer-01,1,4,11,16,26,23,56,32,62,96,127,Untagged,1-wafer-01
1,wafer-01,31,25,1.14E-08,1-wafer-01,1,4,11,16,26,23,56,32,62,96,127,Untagged,1-wafer-01
1,wafer-01,31,26,-2.68E-07,1-wafer-01,1,4,11,16,26,23,56,32,62,96,127,Untagged,1-wafer-01
1,wafer-01,32,6,4.11E-07,1-wafer-01,1,4,11,16,26,23,56,32,62,96,127,Untagged,1-wafer-01
1,wafer-01,32,7,1.58E-07,1-wafer-01,1,4,11,16,26,23,56,32,62,96,127,Untagged,1-wafer-01
1,wafer-01,32,8,3.49E-07,1-wafer-01,1,4,11,16,26,23,56,32,62,96,127,Untagged,1-wafer-01
1,wafer-01,32,9,2.50E-07,1-wafer-01,1,4,11,16,26,23,56,32,62,96,127,Untagged,1-wafer-01
1,wafer-01,32,10,5.10E-08,1-wafer-01,1,4,11,16,26,23,56,32,62,96,127,Untagged,1-wafer-01
1,wafer-01,32,11,5.77E-08,1-wafer-01,1,4,11,16,26,23,56,32,62,96,127,Untagged,1-wafer-01
1,wafer-01,32,12,-1.14E-07,1-wafer-01,1,4,11,16,26,23,56,32,62,96,127,Untagged,1-wafer-01
1,wafer-01,32,13,-3.02E-07,1-wafer-01,1,4,11,16,26,23,56,32,62,96,127,Untagged,1-wafer-01
1,wafer-01,32,14,-1.27E-07,1-wafer-01,1,4,11,16,26,23,56,32,62,96,127,Untagged,1-wafer-01
1,wafer-01,32,15,1.12E-07,1-wafer-01,1,4,11,16,26,23,56,32,62,96,127,Untagged,1-wafer-01
1,wafer-01,32,16,9.08E-09,1-wafer-01,1,4,11,16,26,23,56,32,62,96,127,Untagged,1-wafer-01
1,wafer-01,32,17,5.90E-09,1-wafer-01,1,4,11,16,26,23,56,32,62,96,127,Untagged,1-wafer-01
1,wafer-01,32,18,1.68E-07,1-wafer-01,1,4,11,16,26,23,56,32,62,96,127,Untagged,1-wafer-01
1,wafer-01,32,19,8.32E-08,1-wafer-01,1,4,11,16,26,23,56,32,62,96,127,Untagged,1-wafer-01
1,wafer-01,32,20,-1.65E-07,1-wafer-01,1,4,11,16,26,23,56,32,62,96,127,Untagged,1-wafer-01
1,wafer-01,32,21,-1.23E-07,1-wafer-01,1,4,11,16,26,23,56,32,62,96,127,Untagged,1-wafer-01
1,wafer-01,32,22,-3.33E-07,1-wafer-01,1,4,11,16,26,23,56,32,62,96,127,Untagged,1-wafer-01
1,wafer-01,32,23,-5.19E-07,1-wafer-01,1,4,11,16,26,23,56,32,62,96,127,Untagged,1-wafer-01
1,wafer-01,32,24,-4.89E-07,1-wafer-01,1,4,11,16,26,23,56,32,62,96,127,Untagged,1-wafer-01
1,wafer-01,32,25,-3.65E-07,1-wafer-01,1,4,11,16,26,23,56,32,62,96,127,Untagged,1-wafer-01
1,wafer-01,32,26,-3.38E-07,1-wafer-01,1,4,11,16,26,23,56,32,62,96,127,Untagged,1-wafer-01
1,wafer-01,33,6,3.01E-07,1-wafer-01,1,4,11,16,26,23,56,32,62,96,127,Untagged,1-wafer-01
1,wafer-01,33,7,3.24E-07,1-wafer-01,1,4,11,16,26,23,56,32,62,96,127,Untagged,1-wafer-01
1,wafer-01,33,8,2.57E-07,1-wafer-01,1,4,11,16,26,23,56,32,62,96,127,Untagged,1-wafer-01
1,wafer-01,33,9,1.47E-07,1-wafer-01,1,4,11,16,26,23,56,32,62,96,127,Untagged,1-wafer-01
1,wafer-01,33,10,3.75E-07,1-wafer-01,1,4,11,16,26,23,56,32,62,96,127,Untagged,1-wafer-01
1,wafer-01,33,11,2.88E-08,1-wafer-01,1,4,11,16,26,23,56,32,62,96,127,Untagged,1-wafer-01
1,wafer-01,33,12,1.12E-07,1-wafer-01,1,4,11,16,26,23,56,32,62,96,127,Untagged,1-wafer-01
1,wafer-01,33,13,3.79E-07,1-wafer-01,1,4,11,16,26,23,56,32,62,96,127,Untagged,1-wafer-01
1,wafer-01,33,14,1.74E-07,1-wafer-01,1,4,11,16,26,23,56,32,62,96,127,Untagged,1-wafer-01
1,wafer-01,33,15,2.74E-07,1-wafer-01,1,4,11,16,26,23,56,32,62,96,127,Untagged,1-wafer-01
1,wafer-01,33,16,3.06E-07,1-wafer-01,1,4,11,16,26,23,56,32,62,96,127,Untagged,1-wafer-01
1,wafer-01,33,17,2.30E-07,1-wafer-01,1,4,11,16,26,23,56,32,62,96,127,Untagged,1-wafer-01
1,wafer-01,33,18,1.66E-07,1-wafer-01,1,4,11,16,26,23,56,32,62,96,127,Untagged,1-wafer-01
1,wafer-01,33,19,1.66E-07,1-wafer-01,1,4,11,16,26,23,56,32,62,96,127,Untagged,1-wafer-01
1,wafer-01,33,20,6.43E-08,1-wafer-01,1,4,11,16,26,23,56,32,62,96,127,Untagged,1-wafer-01
1,wafer-01,33,21,-2.55E-08,1-wafer-01,1,4,11,16,26,23,56,32,62,96,127,Untagged,1-wafer-01
1,wafer-01,33,22,2.08E-08,1-wafer-01,1,4,11,16,26,23,56,32,62,96,127,Untagged,1-wafer-01
1,wafer-01,33,23,1.57E-07,1-wafer-01,1,4,11,16,26,23,56,32,62,96,127,Untagged,1-wafer-01
1,wafer-01,33,24,-3.60E-08,1-wafer-01,1,4,11,16,26,23,56,32,62,96,127,Untagged,1-wafer-01
1,wafer-01,33,25,2.14E-07,1-wafer-01,1,4,11,16,26,23,56,32,62,96,127,Untagged,1-wafer-01
1,wafer-01,33,26,2.90E-07,1-wafer-01,1,4,11,16,26,23,56,32,62,96,127,Untagged,1-wafer-01
1,wafer-01,34,6,6.01E-07,1-wafer-01,1,4,11,16,26,23,56,32,62,96,127,Untagged,1-wafer-01
1,wafer-01,34,7,6.29E-07,1-wafer-01,1,4,11,16,26,23,56,32,62,96,127,Untagged,1-wafer-01
1,wafer-01,34,8,3.38E-07,1-wafer-01,1,4,11,16,26,23,56,32,62,96,127,Untagged,1-wafer-01
1,wafer-01,34,9,7.23E-07,1-wafer-01,1,4,11,16,26,23,56,32,62,96,127,Untagged,1-wafer-01
1,wafer-01,34,10,3.19E-07,1-wafer-01,1,4,11,16,26,23,56,32,62,96,127,Untagged,1-wafer-01
1,wafer-01,34,11,2.34E-07,1-wafer-01,1,4,11,16,26,23,56,32,62,96,127,Untagged,1-wafer-01
1,wafer-01,34,12,1.70E-07,1-wafer-01,1,4,11,16,26,23,56,32,62,96,127,Untagged,1-wafer-01
1,wafer-01,34,13,2.63E-07,1-wafer-01,1,4,11,16,26,23,56,32,62,96,127,Untagged,1-wafer-01
1,wafer-01,34,14,4.23E-07,1-wafer-01,1,4,11,16,26,23,56,32,62,96,127,Untagged,1-wafer-01
1,wafer-01,34,15,1.12E-07,1-wafer-01,1,4,11,16,26,23,56,32,62,96,127,Untagged,1-wafer-01
1,wafer-01,34,16,2.07E-07,1-wafer-01,1,4,11,16,26,23,56,32,62,96,127,Untagged,1-wafer-01
1,wafer-01,34,17,2.03E-07,1-wafer-01,1,4,11,16,26,23,56,32,62,96,127,Untagged,1-wafer-01
1,wafer-01,34,18,2.96E-08,1-wafer-01,1,4,11,16,26,23,56,32,62,96,127,Untagged,1-wafer-01
1,wafer-01,34,19,-6.13E-08,1-wafer-01,1,4,11,16,26,23,56,32,62,96,127,Untagged,1-wafer-01
1,wafer-01,34,20,-9.94E-08,1-wafer-01,1,4,11,16,26,23,56,32,62,96,127,Untagged,1-wafer-01
1,wafer-01,34,21,-1.94E-07,1-wafer-01,1,4,11,16,26,23,56,32,62,96,127,Untagged,1-wafer-01
1,wafer-01,34,22,-2.06E-07,1-wafer-01,1,4,11,16,26,23,56,32,62,96,127,Untagged,1-wafer-01
1,wafer-01,34,23,-4.02E-07,1-wafer-01,1,4,11,16,26,23,56,32,62,96,127,Untagged,1-wafer-01
1,wafer-01,34,24,-2.67E-07,1-wafer-01,1,4,11,16,26,23,56,32,62,96,127,Untagged,1-wafer-01
1,wafer-01,34,25,-2.48E-07,1-wafer-01,1,4,11,16,26,23,56,32,62,96,127,Untagged,1-wafer-01
1,wafer-01,34,26,-1.90E-07,1-wafer-01,1,4,11,16,26,23,56,32,62,96,127,Untagged,1-wafer-01
1,wafer-01,35,7,4.80E-07,1-wafer-01,1,4,11,16,26,23,56,32,62,96,127,Untagged,1-wafer-01
1,wafer-01,35,8,5.51E-07,1-wafer-01,1,4,11,16,26,23,56,32,62,96,127,Untagged,1-wafer-01
1,wafer-01,35,9,6.81E-07,1-wafer-01,1,4,11,16,26,23,56,32,62,96,127,Untagged,1-wafer-01
1,wafer-01,35,10,3.07E-07,1-wafer-01,1,4,11,16,26,23,56,32,62,96,127,Untagged,1-wafer-01
1,wafer-01,35,11,2.85E-07,1-wafer-01,1,4,11,16,26,23,56,32,62,96,127,Untagged,1-wafer-01
1,wafer-01,35,12,5.36E-07,1-wafer-01,1,4,11,16,26,23,56,32,62,96,127,Untagged,1-wafer-01
1,wafer-01,35,13,3.01E-07,1-wafer-01,1,4,11,16,26,23,56,32,62,96,127,Untagged,1-wafer-01
1,wafer-01,35,14,9.49E-08,1-wafer-01,1,4,11,16,26,23,56,32,62,96,127,Untagged,1-wafer-01
1,wafer-01,35,15,1.41E-07,1-wafer-01,1,4,11,16,26,23,56,32,62,96,127,Untagged,1-wafer-01
1,wafer-01,35,16,4.29E-08,1-wafer-01,1,4,11,16,26,23,56,32,62,96,127,Untagged,1-wafer-01
1,wafer-01,35,17,9.07E-08,1-wafer-01,1,4,11,16,26,23,56,32,62,96,127,Untagged,1-wafer-01
1,wafer-01,35,18,2.02E-07,1-wafer-01,1,4,11,16,26,23,56,32,62,96,127,Untagged,1-wafer-01
1,wafer-01,35,19,-9.07E-08,1-wafer-01,1,4,11,16,26,23,56,32,62,96,127,Untagged,1-wafer-01
1,wafer-01,35,20,-2.56E-07,1-wafer-01,1,4,11,16,26,23,56,32,62,96,127,Untagged,1-wafer-01
1,wafer-01,35,21,-2.66E-07,1-wafer-01,1,4,11,16,26,23,56,32,62,96,127,Untagged,1-wafer-01
1,wafer-01,35,22,-1.55E-07,1-wafer-01,1,4,11,16,26,23,56,32,62,96,127,Untagged,1-wafer-01
1,wafer-01,35,23,-2.90E-07,1-wafer-01,1,4,11,16,26,23,56,32,62,96,127,Untagged,1-wafer-01
1,wafer-01,35,24,-3.25E-07,1-wafer-01,1,4,11,16,26,23,56,32,62,96,127,Untagged,1-wafer-01
1,wafer-01,35,25,-2.84E-07,1-wafer-01,1,4,11,16,26,23,56,32,62,96,127,Untagged,1-wafer-01
1,wafer-01,36,7,3.53E-07,1-wafer-01,1,4,11,16,26,23,56,32,62,96,127,Untagged,1-wafer-01
1,wafer-01,36,8,1.28E-07,1-wafer-01,1,4,11,16,26,23,56,32,62,96,127,Untagged,1-wafer-01
1,wafer-01,36,9,4.29E-07,1-wafer-01,1,4,11,16,26,23,56,32,62,96,127,Untagged,1-wafer-01
1,wafer-01,36,10,2.82E-07,1-wafer-01,1,4,11,16,26,23,56,32,62,96,127,Untagged,1-wafer-01
1,wafer-01,36,11,4.34E-07,1-wafer-01,1,4,11,16,26,23,56,32,62,96,127,Untagged,1-wafer-01
1,wafer-01,36,12,1.51E-07,1-wafer-01,1,4,11,16,26,23,56,32,62,96,127,Untagged,1-wafer-01
1,wafer-01,36,13,3.32E-07,1-wafer-01,1,4,11,16,26,23,56,32,62,96,127,Untagged,1-wafer-01
1,wafer-01,36,14,4.30E-08,1-wafer-01,1,4,11,16,26,23,56,32,62,96,127,Untagged,1-wafer-01
1,wafer-01,36,15,2.32E-07,1-wafer-01,1,4,11,16,26,23,56,32,62,96,127,Untagged,1-wafer-01
1,wafer-01,36,16,1.49E-07,1-wafer-01,1,4,11,16,26,23,56,32,62,96,127,Untagged,1-wafer-01
1,wafer-01,36,17,1.30E-07,1-wafer-01,1,4,11,16,26,23,56,32,62,96,127,Untagged,1-wafer-01
1,wafer-01,36,18,1.84E-07,1-wafer-01,1,4,11,16,26,23,56,32,62,96,127,Untagged,1-wafer-01
1,wafer-01,36,19,-9.25E-08,1-wafer-01,1,4,11,16,26,23,56,32,62,96,127,Untagged,1-wafer-01
1,wafer-01,36,20,1.10E-08,1-wafer-01,1,4,11,16,26,23,56,32,62,96,127,Untagged,1-wafer-01
1,wafer-01,36,21,-3.27E-07,1-wafer-01,1,4,11,16,26,23,56,32,62,96,127,Untagged,1-wafer-01
1,wafer-01,36,22,-3.34E-07,1-wafer-01,1,4,11,16,26,23,56,32,62,96,127,Untagged,1-wafer-01
1,wafer-01,36,23,-1.71E-07,1-wafer-01,1,4,11,16,26,23,56,32,62,96,127,Untagged,1-wafer-01
1,wafer-01,36,24,-3.54E-07,1-wafer-01,1,4,11,16,26,23,56,32,62,96,127,Untagged,1-wafer-01
1,wafer-01,36,25,-5.10E-07,1-wafer-01,1,4,11,16,26,23,56,32,62,96,127,Untagged,1-wafer-01
1,wafer-01,37,7,-5.50E-08,1-wafer-01,1,4,11,16,26,23,56,32,62,96,127,Untagged,1-wafer-01
1,wafer-01,37,8,-1.45E-07,1-wafer-01,1,4,11,16,26,23,56,32,62,96,127,Untagged,1-wafer-01
1,wafer-01,37,9,-1.44E-07,1-wafer-01,1,4,11,16,26,23,56,32,62,96,127,Untagged,1-wafer-01
1,wafer-01,37,10,1.06E-08,1-wafer-01,1,4,11,16,26,23,56,32,62,96,127,Untagged,1-wafer-01
1,wafer-01,37,11,6.47E-08,1-wafer-01,1,4,11,16,26,23,56,32,62,96,127,Untagged,1-wafer-01
1,wafer-01,37,12,1.51E-07,1-wafer-01,1,4,11,16,26,23,56,32,62,96,127,Untagged,1-wafer-01
1,wafer-01,37,13,4.00E-07,1-wafer-01,1,4,11,16,26,23,56,32,62,96,127,Untagged,1-wafer-01
1,wafer-01,37,14,1.89E-07,1-wafer-01,1,4,11,16,26,23,56,32,62,96,127,Untagged,1-wafer-01
1,wafer-01,37,15,1.91E-07,1-wafer-01,1,4,11,16,26,23,56,32,62,96,127,Untagged,1-wafer-01
1,wafer-01,37,16,1.15E-07,1-wafer-01,1,4,11,16,26,23,56,32,62,96,127,Untagged,1-wafer-01
1,wafer-01,37,17,1.00E-07,1-wafer-01,1,4,11,16,26,23,56,32,62,96,127,Untagged,1-wafer-01
1,wafer-01,37,18,2.15E-07,1-wafer-01,1,4,11,16,26,23,56,32,62,96,127,Untagged,1-wafer-01
1,wafer-01,37,19,3.63E-07,1-wafer-01,1,4,11,16,26,23,56,32,62,96,127,Untagged,1-wafer-01
1,wafer-01,37,20,3.17E-07,1-wafer-01,1,4,11,16,26,23,56,32,62,96,127,Untagged,1-wafer-01
1,wafer-01,37,21,2.53E-07,1-wafer-01,1,4,11,16,26,23,56,32,62,96,127,Untagged,1-wafer-01
1,wafer-01,37,22,-9.18E-08,1-wafer-01,1,4,11,16,26,23,56,32,62,96,127,Untagged,1-wafer-01
1,wafer-01,37,23,-3.99E-07,1-wafer-01,1,4,11,16,26,23,56,32,62,96,127,Untagged,1-wafer-01
1,wafer-01,37,24,-4.58E-07,1-wafer-01,1,4,11,16,26,23,56,32,62,96,127,Untagged,1-wafer-01
1,wafer-01,37,25,-5.28E-07,1-wafer-01,1,4,11,16,26,23,56,32,62,96,127,Untagged,1-wafer-01
1,wafer-01,38,8,3.41E-08,1-wafer-01,1,4,11,16,26,23,56,32,62,96,127,Untagged,1-wafer-01
1,wafer-01,38,9,-2.37E-08,1-wafer-01,1,4,11,16,26,23,56,32,62,96,127,Untagged,1-wafer-01
1,wafer-01,38,10,-3.64E-08,1-wafer-01,1,4,11,16,26,23,56,32,62,96,127,Untagged,1-wafer-01
1,wafer-01,38,11,1.82E-07,1-wafer-01,1,4,11,16,26,23,56,32,62,96,127,Untagged,1-wafer-01
1,wafer-01,38,12,4.44E-07,1-wafer-01,1,4,11,16,26,23,56,32,62,96,127,Untagged,1-wafer-01
1,wafer-01,38,13,3.58E-07,1-wafer-01,1,4,11,16,26,23,56,32,62,96,127,Untagged,1-wafer-01
1,wafer-01,38,14,4.00E-07,1-wafer-01,1,4,11,16,26,23,56,32,62,96,127,Untagged,1-wafer-01
1,wafer-01,38,15,3.38E-07,1-wafer-01,1,4,11,16,26,23,56,32,62,96,127,Untagged,1-wafer-01
1,wafer-01,38,16,1.97E-07,1-wafer-01,1,4,11,16,26,23,56,32,62,96,127,Untagged,1-wafer-01
1,wafer-01,38,17,1.82E-07,1-wafer-01,1,4,11,16,26,23,56,32,62,96,127,Untagged,1-wafer-01
1,wafer-01,38,18,3.19E-07,1-wafer-01,1,4,11,16,26,23,56,32,62,96,127,Untagged,1-wafer-01
1,wafer-01,38,19,3.56E-07,1-wafer-01,1,4,11,16,26,23,56,32,62,96,127,Untagged,1-wafer-01
1,wafer-01,38,20,4.25E-07,1-wafer-01,1,4,11,16,26,23,56,32,62,96,127,Untagged,1-wafer-01
1,wafer-01,38,21,2.86E-07,1-wafer-01,1,4,11,16,26,23,56,32,62,96,127,Untagged,1-wafer-01
1,wafer-01,38,22,2.22E-07,1-wafer-01,1,4,11,16,26,23,56,32,62,96,127,Untagged,1-wafer-01
1,wafer-01,38,23,2.06E-08,1-wafer-01,1,4,11,16,26,23,56,32,62,96,127,Untagged,1-wafer-01
1,wafer-01,38,24,1.47E-08,1-wafer-01,1,4,11,16,26,23,56,32,62,96,127,Untagged,1-wafer-01
1,wafer-01,39,8,-1.01E-07,1-wafer-01,1,4,11,16,26,23,56,32,62,96,127,Untagged,1-wafer-01
1,wafer-01,39,9,1.10E-07,1-wafer-01,1,4,11,16,26,23,56,32,62,96,127,Untagged,1-wafer-01
1,wafer-01,39,10,2.88E-07,1-wafer-01,1,4,11,16,26,23,56,32,62,96,127,Untagged,1-wafer-01
1,wafer-01,39,11,2.26E-07,1-wafer-01,1,4,11,16,26,23,56,32,62,96,127,Untagged,1-wafer-01
1,wafer-01,39,12,5.61E-07,1-wafer-01,1,4,11,16,26,23,56,32,62,96,127,Untagged,1-wafer-01
1,wafer-01,39,13,5.27E-07,1-wafer-01,1,4,11,16,26,23,56,32,62,96,127,Untagged,1-wafer-01
1,wafer-01,39,14,4.80E-07,1-wafer-01,1,4,11,16,26,23,56,32,62,96,127,Untagged,1-wafer-01
1,wafer-01,39,15,3.69E-07,1-wafer-01,1,4,11,16,26,23,56,32,62,96,127,Untagged,1-wafer-01
1,wafer-01,39,16,4.50E-07,1-wafer-01,1,4,11,16,26,23,56,32,62,96,127,Untagged,1-wafer-01
1,wafer-01,39,17,6.17E-07,1-wafer-01,1,4,11,16,26,23,56,32,62,96,127,Untagged,1-wafer-01
1,wafer-01,39,18,4.52E-07,1-wafer-01,1,4,11,16,26,23,56,32,62,96,127,Untagged,1-wafer-01
1,wafer-01,39,19,2.79E-07,1-wafer-01,1,4,11,16,26,23,56,32,62,96,127,Untagged,1-wafer-01
1,wafer-01,39,20,2.48E-07,1-wafer-01,1,4,11,16,26,23,56,32,62,96,127,Untagged,1-wafer-01
1,wafer-01,39,21,-9.66E-08,1-wafer-01,1,4,11,16,26,23,56,32,62,96,127,Untagged,1-wafer-01
1,wafer-01,39,22,2.09E-08,1-wafer-01,1,4,11,16,26,23,56,32,62,96,127,Untagged,1-wafer-01
1,wafer-01,39,23,-1.51E-07,1-wafer-01,1,4,11,16,26,23,56,32,62,96,127,Untagged,1-wafer-01
1,wafer-01,39,24,6.31E-08,1-wafer-01,1,4,11,16,26,23,56,32,62,96,127,Untagged,1-wafer-01
1,wafer-01,40,9,4.80E-07,1-wafer-01,1,4,11,16,26,23,56,32,62,96,127,Untagged,1-wafer-01
1,wafer-01,40,10,2.80E-07,1-wafer-01,1,4,11,16,26,23,56,32,62,96,127,Untagged,1-wafer-01
1,wafer-01,40,11,2.81E-07,1-wafer-01,1,4,11,16,26,23,56,32,62,96,127,Untagged,1-wafer-01
1,wafer-01,40,12,3.32E-07,1-wafer-01,1,4,11,16,26,23,56,32,62,96,127,Untagged,1-wafer-01
1,wafer-01,40,13,2.31E-07,1-wafer-01,1,4,11,16,26,23,56,32,62,96,127,Untagged,1-wafer-01
1,wafer-01,40,14,2.47E-07,1-wafer-01,1,4,11,16,26,23,56,32,62,96,127,Untagged,1-wafer-01
1,wafer-01,40,15,1.68E-07,1-wafer-01,1,4,11,16,26,23,56,32,62,96,127,Untagged,1-wafer-01
1,wafer-01,40,16,2.60E-08,1-wafer-01,1,4,11,16,26,23,56,32,62,96,127,Untagged,1-wafer-01
1,wafer-01,40,17,-1.30E-07,1-wafer-01,1,4,11,16,26,23,56,32,62,96,127,Untagged,1-wafer-01
1,wafer-01,40,18,-4.13E-07,1-wafer-01,1,4,11,16,26,23,56,32,62,96,127,Untagged,1-wafer-01
1,wafer-01,40,19,-1.51E-07,1-wafer-01,1,4,11,16,26,23,56,32,62,96,127,Untagged,1-wafer-01
1,wafer-01,40,20,-4.53E-07,1-wafer-01,1,4,11,16,26,23,56,32,62,96,127,Untagged,1-wafer-01
1,wafer-01,40,21,-5.01E-07,1-wafer-01,1,4,11,16,26,23,56,32,62,96,127,Untagged,1-wafer-01
1,wafer-01,40,22,-4.32E-07,1-wafer-01,1,4,11,16,26,23,56,32,62,96,127,Untagged,1-wafer-01
1,wafer-01,40,23,-4.64E-07,1-wafer-01,1,4,11,16,26,23,56,32,62,96,127,Untagged,1-wafer-01
1,wafer-01,41,10,1.71E-07,1-wafer-01,1,4,11,16,26,23,56,32,62,96,127,Untagged,1-wafer-01
1,wafer-01,41,11,-6.89E-08,1-wafer-01,1,4,11,16,26,23,56,32,62,96,127,Untagged,1-wafer-01
1,wafer-01,41,12,8.70E-08,1-wafer-01,1,4,11,16,26,23,56,32,62,96,127,Untagged,1-wafer-01
1,wafer-01,41,13,1.66E-07,1-wafer-01,1,4,11,16,26,23,56,32,62,96,127,Untagged,1-wafer-01
1,wafer-01,41,14,-2.40E-07,1-wafer-01,1,4,11,16,26,23,56,32,62,96,127,Untagged,1-wafer-01
1,wafer-01,41,15,-3.09E-07,1-wafer-01,1,4,11,16,26,23,56,32,62,96,127,Untagged,1-wafer-01
1,wafer-01,41,16,2.47E-08,1-wafer-01,1,4,11,16,26,23,56,32,62,96,127,Untagged,1-wafer-01
1,wafer-01,41,17,-1.70E-07,1-wafer-01,1,4,11,16,26,23,56,32,62,96,127,Untagged,1-wafer-01
1,wafer-01,41,18,-2.24E-08,1-wafer-01,1,4,11,16,26,23,56,32,62,96,127,Untagged,1-wafer-01
1,wafer-01,41,19,-1.95E-07,1-wafer-01,1,4,11,16,26,23,56,32,62,96,127,Untagged,1-wafer-01
1,wafer-01,41,20,-3.81E-07,1-wafer-01,1,4,11,16,26,23,56,32,62,96,127,Untagged,1-wafer-01
1,wafer-01,41,21,-3.14E-07,1-wafer-01,1,4,11,16,26,23,56,32,62,96,127,Untagged,1-wafer-01
1,wafer-01,41,22,-1.97E-07,1-wafer-01,1,4,11,16,26,23,56,32,62,96,127,Untagged,1-wafer-01
1,wafer-01,42,10,2.76E-07,1-wafer-01,1,4,11,16,26,23,56,32,62,96,127,Untagged,1-wafer-01
1,wafer-01,42,11,1.49E-07,1-wafer-01,1,4,11,16,26,23,56,32,62,96,127,Untagged,1-wafer-01
1,wafer-01,42,12,2.20E-07,1-wafer-01,1,4,11,16,26,23,56,32,62,96,127,Untagged,1-wafer-01
1,wafer-01,42,13,3.39E-08,1-wafer-01,1,4,11,16,26,23,56,32,62,96,127,Untagged,1-wafer-01
1,wafer-01,42,14,-5.85E-08,1-wafer-01,1,4,11,16,26,23,56,32,62,96,127,Untagged,1-wafer-01
1,wafer-01,42,15,9.66E-08,1-wafer-01,1,4,11,16,26,23,56,32,62,96,127,Untagged,1-wafer-01
1,wafer-01,42,16,-9.50E-08,1-wafer-01,1,4,11,16,26,23,56,32,62,96,127,Untagged,1-wafer-01
1,wafer-01,42,17,2.50E-08,1-wafer-01,1,4,11,16,26,23,56,32,62,96,127,Untagged,1-wafer-01
1,wafer-01,42,18,1.14E-07,1-wafer-01,1,4,11,16,26,23,56,32,62,96,127,Untagged,1-wafer-01
1,wafer-01,42,19,3.08E-08,1-wafer-01,1,4,11,16,26,23,56,32,62,96,127,Untagged,1-wafer-01
1,wafer-01,42,20,-2.53E-07,1-wafer-01,1,4,11,16,26,23,56,32,62,96,127,Untagged,1-wafer-01
1,wafer-01,42,21,-3.26E-07,1-wafer-01,1,4,11,16,26,23,56,32,62,96,127,Untagged,1-wafer-01
1,wafer-01,42,22,-8.81E-08,1-wafer-01,1,4,11,16,26,23,56,32,62,96,127,Untagged,1-wafer-01
1,wafer-01,43,11,-6.78E-08,1-wafer-01,1,4,11,16,26,23,56,32,62,96,127,Untagged,1-wafer-01
1,wafer-01,43,12,1.43E-07,1-wafer-01,1,4,11,16,26,23,56,32,62,96,127,Untagged,1-wafer-01
1,wafer-01,43,13,9.78E-08,1-wafer-01,1,4,11,16,26,23,56,32,62,96,127,Untagged,1-wafer-01
1,wafer-01,43,14,3.13E-07,1-wafer-01,1,4,11,16,26,23,56,32,62,96,127,Untagged,1-wafer-01
1,wafer-01,43,15,4.37E-07,1-wafer-01,1,4,11,16,26,23,56,32,62,96,127,Untagged,1-wafer-01
1,wafer-01,43,16,3.18E-07,1-wafer-01,1,4,11,16,26,23,56,32,62,96,127,Untagged,1-wafer-01
1,wafer-01,43,17,7.17E-08,1-wafer-01,1,4,11,16,26,23,56,32,62,96,127,Untagged,1-wafer-01
1,wafer-01,43,18,-1.65E-07,1-wafer-01,1,4,11,16,26,23,56,32,62,96,127,Untagged,1-wafer-01
1,wafer-01,43,19,-2.12E-07,1-wafer-01,1,4,11,16,26,23,56,32,62,96,127,Untagged,1-wafer-01
1,wafer-01,43,20,-8.76E-08,1-wafer-01,1,4,11,16,26,23,56,32,62,96,127,Untagged,1-wafer-01
1,wafer-01,43,21,-3.10E-07,1-wafer-01,1,4,11,16,26,23,56,32,62,96,127,Untagged,1-wafer-01
1,wafer-01,44,13,-1.99E-07,1-wafer-01,1,4,11,16,26,23,56,32,62,96,127,Untagged,1-wafer-01
1,wafer-01,44,14,-3.03E-08,1-wafer-01,1,4,11,16,26,23,56,32,62,96,127,Untagged,1-wafer-01
1,wafer-01,44,15,-2.07E-09,1-wafer-01,1,4,11,16,26,23,56,32,62,96,127,Untagged,1-wafer-01
1,wafer-01,44,16,6.16E-08,1-wafer-01,1,4,11,16,26,23,56,32,62,96,127,Untagged,1-wafer-01
1,wafer-01,44,17,-2.19E-07,1-wafer-01,1,4,11,16,26,23,56,32,62,96,127,Untagged,1-wafer-01
1,wafer-01,44,18,-1.20E-07,1-wafer-01,1,4,11,16,26,23,56,32,62,96,127,Untagged,1-wafer-01
1,wafer-01,44,19,1.99E-08,1-wafer-01,1,4,11,16,26,23,56,32,62,96,127,Untagged,1-wafer-01
1,wafer-01,45,14,8.39E-08,1-wafer-01,1,4,11,16,26,23,56,32,62,96,127,Untagged,1-wafer-01
1,wafer-01,45,15,6.08E-08,1-wafer-01,1,4,11,16,26,23,56,32,62,96,127,Untagged,1-wafer-01
1,wafer-01,45,16,-6.75E-08,1-wafer-01,1,4,11,16,26,23,56,32,62,96,127,Untagged,1-wafer-01
1,wafer-01,45,17,-7.76E-08,1-wafer-01,1,4,11,16,26,23,56,32,62,96,127,Untagged,1-wafer-01
1,wafer-01,45,18,-3.59E-08,1-wafer-01,1,4,11,16,26,23,56,32,62,96,127,Untagged,1-wafer-01
